method,time,MX,FI91601,FA,L2,LIMS_S905_Water,LIMS_S907_Water,LIMS_S708_Br_Index,LIMS_S708_A9,LIMS_S708_A10,LIMS_S708_Water,LIMS_S708_Sulfur,LIMS_s919_A9,LIMS_s919_A10
Linear,-32.84120757357201,9.0,563.0,0.47,0.31,79.0,78.0,4.5,0.006,0.0,62.0,0.097,472.0,4816.0
Linear,-32.61679831019559,9.0,563.0,0.47,0.311,79.0,78.0,4.5,0.006,0.0,62.0,0.097,472.0,4816.0
Linear,-32.392389046819176,9.0,563.0,0.47,0.312,79.0,78.0,4.5,0.006,0.0,62.0,0.097,472.0,4816.0
Linear,-32.16797978344275,9.0,563.0,0.47,0.313,79.0,78.0,4.5,0.006,0.0,62.0,0.097,472.0,4816.0
Linear,-31.943570520066338,9.0,563.0,0.47,0.314,79.0,78.0,4.5,0.006,0.0,62.0,0.097,472.0,4816.0
Linear,-31.71916125668992,9.0,563.0,0.47,0.315,79.0,78.0,4.5,0.006,0.0,62.0,0.097,472.0,4816.0
Linear,-31.494751993313503,9.0,563.0,0.47,0.316,79.0,78.0,4.5,0.006,0.0,62.0,0.097,472.0,4816.0
Linear,-31.270342729937084,9.0,563.0,0.47,0.317,79.0,78.0,4.5,0.006,0.0,62.0,0.097,472.0,4816.0
Linear,-31.045933466560665,9.0,563.0,0.47,0.318,79.0,78.0,4.5,0.006,0.0,62.0,0.097,472.0,4816.0
Linear,-30.82152420318425,9.0,563.0,0.47,0.319,79.0,78.0,4.5,0.006,0.0,62.0,0.097,472.0,4816.0
Linear,-30.59711493980783,9.0,563.0,0.47,0.32,79.0,78.0,4.5,0.006,0.0,62.0,0.097,472.0,4816.0
Linear,-32.50044086862107,9.0,563.0,0.471,0.31,79.0,78.0,4.5,0.006,0.0,62.0,0.097,472.0,4816.0
Linear,-32.27603160524465,9.0,563.0,0.471,0.311,79.0,78.0,4.5,0.006,0.0,62.0,0.097,472.0,4816.0
Linear,-32.05162234186823,9.0,563.0,0.471,0.312,79.0,78.0,4.5,0.006,0.0,62.0,0.097,472.0,4816.0
Linear,-31.827213078491816,9.0,563.0,0.471,0.313,79.0,78.0,4.5,0.006,0.0,62.0,0.097,472.0,4816.0
Linear,-31.602803815115397,9.0,563.0,0.471,0.314,79.0,78.0,4.5,0.006,0.0,62.0,0.097,472.0,4816.0
Linear,-31.378394551738978,9.0,563.0,0.471,0.315,79.0,78.0,4.5,0.006,0.0,62.0,0.097,472.0,4816.0
Linear,-31.15398528836256,9.0,563.0,0.471,0.316,79.0,78.0,4.5,0.006,0.0,62.0,0.097,472.0,4816.0
Linear,-30.929576024986144,9.0,563.0,0.471,0.317,79.0,78.0,4.5,0.006,0.0,62.0,0.097,472.0,4816.0
Linear,-30.705166761609725,9.0,563.0,0.471,0.318,79.0,78.0,4.5,0.006,0.0,62.0,0.097,472.0,4816.0
Linear,-30.480757498233306,9.0,563.0,0.471,0.319,79.0,78.0,4.5,0.006,0.0,62.0,0.097,472.0,4816.0
Linear,-30.25634823485689,9.0,563.0,0.471,0.32,79.0,78.0,4.5,0.006,0.0,62.0,0.097,472.0,4816.0
Linear,-32.15967416367024,9.0,563.0,0.472,0.31,79.0,78.0,4.5,0.006,0.0,62.0,0.097,472.0,4816.0
Linear,-31.93526490029382,9.0,563.0,0.472,0.311,79.0,78.0,4.5,0.006,0.0,62.0,0.097,472.0,4816.0
Linear,-31.710855636917405,9.0,563.0,0.472,0.312,79.0,78.0,4.5,0.006,0.0,62.0,0.097,472.0,4816.0
Linear,-31.486446373540986,9.0,563.0,0.472,0.313,79.0,78.0,4.5,0.006,0.0,62.0,0.097,472.0,4816.0
Linear,-31.262037110164567,9.0,563.0,0.472,0.314,79.0,78.0,4.5,0.006,0.0,62.0,0.097,472.0,4816.0
Linear,-31.03762784678815,9.0,563.0,0.472,0.315,79.0,78.0,4.5,0.006,0.0,62.0,0.097,472.0,4816.0
Linear,-30.813218583411732,9.0,563.0,0.472,0.316,79.0,78.0,4.5,0.006,0.0,62.0,0.097,472.0,4816.0
Linear,-30.588809320035313,9.0,563.0,0.472,0.317,79.0,78.0,4.5,0.006,0.0,62.0,0.097,472.0,4816.0
Linear,-30.364400056658894,9.0,563.0,0.472,0.318,79.0,78.0,4.5,0.006,0.0,62.0,0.097,472.0,4816.0
Linear,-30.13999079328248,9.0,563.0,0.472,0.319,79.0,78.0,4.5,0.006,0.0,62.0,0.097,472.0,4816.0
Linear,-29.91558152990606,9.0,563.0,0.472,0.32,79.0,78.0,4.5,0.006,0.0,62.0,0.097,472.0,4816.0
Linear,-31.8189074587193,9.0,563.0,0.473,0.31,79.0,78.0,4.5,0.006,0.0,62.0,0.097,472.0,4816.0
Linear,-31.59449819534288,9.0,563.0,0.473,0.311,79.0,78.0,4.5,0.006,0.0,62.0,0.097,472.0,4816.0
Linear,-31.37008893196646,9.0,563.0,0.473,0.312,79.0,78.0,4.5,0.006,0.0,62.0,0.097,472.0,4816.0
Linear,-31.145679668590045,9.0,563.0,0.473,0.313,79.0,78.0,4.5,0.006,0.0,62.0,0.097,472.0,4816.0
Linear,-30.921270405213626,9.0,563.0,0.473,0.314,79.0,78.0,4.5,0.006,0.0,62.0,0.097,472.0,4816.0
Linear,-30.696861141837207,9.0,563.0,0.473,0.315,79.0,78.0,4.5,0.006,0.0,62.0,0.097,472.0,4816.0
Linear,-30.47245187846079,9.0,563.0,0.473,0.316,79.0,78.0,4.5,0.006,0.0,62.0,0.097,472.0,4816.0
Linear,-30.248042615084373,9.0,563.0,0.473,0.317,79.0,78.0,4.5,0.006,0.0,62.0,0.097,472.0,4816.0
Linear,-30.023633351707954,9.0,563.0,0.473,0.318,79.0,78.0,4.5,0.006,0.0,62.0,0.097,472.0,4816.0
Linear,-29.799224088331535,9.0,563.0,0.473,0.319,79.0,78.0,4.5,0.006,0.0,62.0,0.097,472.0,4816.0
Linear,-29.57481482495512,9.0,563.0,0.473,0.32,79.0,78.0,4.5,0.006,0.0,62.0,0.097,472.0,4816.0
Linear,-31.47814075376841,9.0,563.0,0.474,0.31,79.0,78.0,4.5,0.006,0.0,62.0,0.097,472.0,4816.0
Linear,-31.253731490391996,9.0,563.0,0.474,0.311,79.0,78.0,4.5,0.006,0.0,62.0,0.097,472.0,4816.0
Linear,-31.029322227015577,9.0,563.0,0.474,0.312,79.0,78.0,4.5,0.006,0.0,62.0,0.097,472.0,4816.0
Linear,-30.804912963639158,9.0,563.0,0.474,0.313,79.0,78.0,4.5,0.006,0.0,62.0,0.097,472.0,4816.0
Linear,-30.580503700262742,9.0,563.0,0.474,0.314,79.0,78.0,4.5,0.006,0.0,62.0,0.097,472.0,4816.0
Linear,-30.356094436886323,9.0,563.0,0.474,0.315,79.0,78.0,4.5,0.006,0.0,62.0,0.097,472.0,4816.0
Linear,-30.131685173509904,9.0,563.0,0.474,0.316,79.0,78.0,4.5,0.006,0.0,62.0,0.097,472.0,4816.0
Linear,-29.907275910133485,9.0,563.0,0.474,0.317,79.0,78.0,4.5,0.006,0.0,62.0,0.097,472.0,4816.0
Linear,-29.68286664675707,9.0,563.0,0.474,0.318,79.0,78.0,4.5,0.006,0.0,62.0,0.097,472.0,4816.0
Linear,-29.45845738338065,9.0,563.0,0.474,0.319,79.0,78.0,4.5,0.006,0.0,62.0,0.097,472.0,4816.0
Linear,-29.234048120004232,9.0,563.0,0.474,0.32,79.0,78.0,4.5,0.006,0.0,62.0,0.097,472.0,4816.0
Linear,-31.137374048817527,9.0,563.0,0.475,0.31,79.0,78.0,4.5,0.006,0.0,62.0,0.097,472.0,4816.0
Linear,-30.91296478544111,9.0,563.0,0.475,0.311,79.0,78.0,4.5,0.006,0.0,62.0,0.097,472.0,4816.0
Linear,-30.688555522064693,9.0,563.0,0.475,0.312,79.0,78.0,4.5,0.006,0.0,62.0,0.097,472.0,4816.0
Linear,-30.464146258688274,9.0,563.0,0.475,0.313,79.0,78.0,4.5,0.006,0.0,62.0,0.097,472.0,4816.0
Linear,-30.239736995311855,9.0,563.0,0.475,0.314,79.0,78.0,4.5,0.006,0.0,62.0,0.097,472.0,4816.0
Linear,-30.015327731935436,9.0,563.0,0.475,0.315,79.0,78.0,4.5,0.006,0.0,62.0,0.097,472.0,4816.0
Linear,-29.79091846855902,9.0,563.0,0.475,0.316,79.0,78.0,4.5,0.006,0.0,62.0,0.097,472.0,4816.0
Linear,-29.5665092051826,9.0,563.0,0.475,0.317,79.0,78.0,4.5,0.006,0.0,62.0,0.097,472.0,4816.0
Linear,-29.342099941806183,9.0,563.0,0.475,0.318,79.0,78.0,4.5,0.006,0.0,62.0,0.097,472.0,4816.0
Linear,-29.117690678429767,9.0,563.0,0.475,0.319,79.0,78.0,4.5,0.006,0.0,62.0,0.097,472.0,4816.0
Linear,-28.893281415053348,9.0,563.0,0.475,0.32,79.0,78.0,4.5,0.006,0.0,62.0,0.097,472.0,4816.0
Linear,-30.796607343866643,9.0,563.0,0.476,0.31,79.0,78.0,4.5,0.006,0.0,62.0,0.097,472.0,4816.0
Linear,-30.572198080490224,9.0,563.0,0.476,0.311,79.0,78.0,4.5,0.006,0.0,62.0,0.097,472.0,4816.0
Linear,-30.347788817113805,9.0,563.0,0.476,0.312,79.0,78.0,4.5,0.006,0.0,62.0,0.097,472.0,4816.0
Linear,-30.123379553737387,9.0,563.0,0.476,0.313,79.0,78.0,4.5,0.006,0.0,62.0,0.097,472.0,4816.0
Linear,-29.89897029036097,9.0,563.0,0.476,0.314,79.0,78.0,4.5,0.006,0.0,62.0,0.097,472.0,4816.0
Linear,-29.674561026984552,9.0,563.0,0.476,0.315,79.0,78.0,4.5,0.006,0.0,62.0,0.097,472.0,4816.0
Linear,-29.450151763608133,9.0,563.0,0.476,0.316,79.0,78.0,4.5,0.006,0.0,62.0,0.097,472.0,4816.0
Linear,-29.225742500231718,9.0,563.0,0.476,0.317,79.0,78.0,4.5,0.006,0.0,62.0,0.097,472.0,4816.0
Linear,-29.0013332368553,9.0,563.0,0.476,0.318,79.0,78.0,4.5,0.006,0.0,62.0,0.097,472.0,4816.0
Linear,-28.77692397347888,9.0,563.0,0.476,0.319,79.0,78.0,4.5,0.006,0.0,62.0,0.097,472.0,4816.0
Linear,-28.552514710102464,9.0,563.0,0.476,0.32,79.0,78.0,4.5,0.006,0.0,62.0,0.097,472.0,4816.0
Linear,-30.455840638915756,9.0,563.0,0.477,0.31,79.0,78.0,4.5,0.006,0.0,62.0,0.097,472.0,4816.0
Linear,-30.231431375539337,9.0,563.0,0.477,0.311,79.0,78.0,4.5,0.006,0.0,62.0,0.097,472.0,4816.0
Linear,-30.00702211216292,9.0,563.0,0.477,0.312,79.0,78.0,4.5,0.006,0.0,62.0,0.097,472.0,4816.0
Linear,-29.782612848786503,9.0,563.0,0.477,0.313,79.0,78.0,4.5,0.006,0.0,62.0,0.097,472.0,4816.0
Linear,-29.558203585410084,9.0,563.0,0.477,0.314,79.0,78.0,4.5,0.006,0.0,62.0,0.097,472.0,4816.0
Linear,-29.33379432203367,9.0,563.0,0.477,0.315,79.0,78.0,4.5,0.006,0.0,62.0,0.097,472.0,4816.0
Linear,-29.10938505865725,9.0,563.0,0.477,0.316,79.0,78.0,4.5,0.006,0.0,62.0,0.097,472.0,4816.0
Linear,-28.88497579528083,9.0,563.0,0.477,0.317,79.0,78.0,4.5,0.006,0.0,62.0,0.097,472.0,4816.0
Linear,-28.660566531904415,9.0,563.0,0.477,0.318,79.0,78.0,4.5,0.006,0.0,62.0,0.097,472.0,4816.0
Linear,-28.436157268527996,9.0,563.0,0.477,0.319,79.0,78.0,4.5,0.006,0.0,62.0,0.097,472.0,4816.0
Linear,-28.211748005151577,9.0,563.0,0.477,0.32,79.0,78.0,4.5,0.006,0.0,62.0,0.097,472.0,4816.0
Linear,-30.115073933964872,9.0,563.0,0.478,0.31,79.0,78.0,4.5,0.006,0.0,62.0,0.097,472.0,4816.0
Linear,-29.890664670588453,9.0,563.0,0.478,0.311,79.0,78.0,4.5,0.006,0.0,62.0,0.097,472.0,4816.0
Linear,-29.666255407212034,9.0,563.0,0.478,0.312,79.0,78.0,4.5,0.006,0.0,62.0,0.097,472.0,4816.0
Linear,-29.44184614383562,9.0,563.0,0.478,0.313,79.0,78.0,4.5,0.006,0.0,62.0,0.097,472.0,4816.0
Linear,-29.2174368804592,9.0,563.0,0.478,0.314,79.0,78.0,4.5,0.006,0.0,62.0,0.097,472.0,4816.0
Linear,-28.99302761708278,9.0,563.0,0.478,0.315,79.0,78.0,4.5,0.006,0.0,62.0,0.097,472.0,4816.0
Linear,-28.768618353706366,9.0,563.0,0.478,0.316,79.0,78.0,4.5,0.006,0.0,62.0,0.097,472.0,4816.0
Linear,-28.544209090329947,9.0,563.0,0.478,0.317,79.0,78.0,4.5,0.006,0.0,62.0,0.097,472.0,4816.0
Linear,-28.319799826953528,9.0,563.0,0.478,0.318,79.0,78.0,4.5,0.006,0.0,62.0,0.097,472.0,4816.0
Linear,-28.09539056357711,9.0,563.0,0.478,0.319,79.0,78.0,4.5,0.006,0.0,62.0,0.097,472.0,4816.0
Linear,-27.870981300200693,9.0,563.0,0.478,0.32,79.0,78.0,4.5,0.006,0.0,62.0,0.097,472.0,4816.0
Linear,-29.774307229013985,9.0,563.0,0.479,0.31,79.0,78.0,4.5,0.006,0.0,62.0,0.097,472.0,4816.0
Linear,-29.54989796563757,9.0,563.0,0.479,0.311,79.0,78.0,4.5,0.006,0.0,62.0,0.097,472.0,4816.0
Linear,-29.32548870226115,9.0,563.0,0.479,0.312,79.0,78.0,4.5,0.006,0.0,62.0,0.097,472.0,4816.0
Linear,-29.10107943888473,9.0,563.0,0.479,0.313,79.0,78.0,4.5,0.006,0.0,62.0,0.097,472.0,4816.0
Linear,-28.876670175508316,9.0,563.0,0.479,0.314,79.0,78.0,4.5,0.006,0.0,62.0,0.097,472.0,4816.0
Linear,-28.652260912131897,9.0,563.0,0.479,0.315,79.0,78.0,4.5,0.006,0.0,62.0,0.097,472.0,4816.0
Linear,-28.427851648755478,9.0,563.0,0.479,0.316,79.0,78.0,4.5,0.006,0.0,62.0,0.097,472.0,4816.0
Linear,-28.20344238537906,9.0,563.0,0.479,0.317,79.0,78.0,4.5,0.006,0.0,62.0,0.097,472.0,4816.0
Linear,-27.979033122002644,9.0,563.0,0.479,0.318,79.0,78.0,4.5,0.006,0.0,62.0,0.097,472.0,4816.0
Linear,-27.754623858626225,9.0,563.0,0.479,0.319,79.0,78.0,4.5,0.006,0.0,62.0,0.097,472.0,4816.0
Linear,-27.530214595249806,9.0,563.0,0.479,0.32,79.0,78.0,4.5,0.006,0.0,62.0,0.097,472.0,4816.0
Linear,-29.4335405240631,9.0,563.0,0.48,0.31,79.0,78.0,4.5,0.006,0.0,62.0,0.097,472.0,4816.0
Linear,-29.209131260686682,9.0,563.0,0.48,0.311,79.0,78.0,4.5,0.006,0.0,62.0,0.097,472.0,4816.0
Linear,-28.984721997310267,9.0,563.0,0.48,0.312,79.0,78.0,4.5,0.006,0.0,62.0,0.097,472.0,4816.0
Linear,-28.760312733933848,9.0,563.0,0.48,0.313,79.0,78.0,4.5,0.006,0.0,62.0,0.097,472.0,4816.0
Linear,-28.53590347055743,9.0,563.0,0.48,0.314,79.0,78.0,4.5,0.006,0.0,62.0,0.097,472.0,4816.0
Linear,-28.31149420718101,9.0,563.0,0.48,0.315,79.0,78.0,4.5,0.006,0.0,62.0,0.097,472.0,4816.0
Linear,-28.087084943804594,9.0,563.0,0.48,0.316,79.0,78.0,4.5,0.006,0.0,62.0,0.097,472.0,4816.0
Linear,-27.862675680428175,9.0,563.0,0.48,0.317,79.0,78.0,4.5,0.006,0.0,62.0,0.097,472.0,4816.0
Linear,-27.638266417051756,9.0,563.0,0.48,0.318,79.0,78.0,4.5,0.006,0.0,62.0,0.097,472.0,4816.0
Linear,-27.41385715367534,9.0,563.0,0.48,0.319,79.0,78.0,4.5,0.006,0.0,62.0,0.097,472.0,4816.0
Linear,-27.189447890298922,9.0,563.0,0.48,0.32,79.0,78.0,4.5,0.006,0.0,62.0,0.097,472.0,4816.0
Linear,-33.12370462375984,9.0,562.0,0.47,0.31,79.0,78.0,4.5,0.006,0.0,62.0,0.097,472.0,4816.0
Linear,-32.89929536038342,9.0,562.0,0.47,0.311,79.0,78.0,4.5,0.006,0.0,62.0,0.097,472.0,4816.0
Linear,-32.674886097007004,9.0,562.0,0.47,0.312,79.0,78.0,4.5,0.006,0.0,62.0,0.097,472.0,4816.0
Linear,-32.45047683363059,9.0,562.0,0.47,0.313,79.0,78.0,4.5,0.006,0.0,62.0,0.097,472.0,4816.0
Linear,-32.226067570254166,9.0,562.0,0.47,0.314,79.0,78.0,4.5,0.006,0.0,62.0,0.097,472.0,4816.0
Linear,-32.00165830687775,9.0,562.0,0.47,0.315,79.0,78.0,4.5,0.006,0.0,62.0,0.097,472.0,4816.0
Linear,-31.77724904350133,9.0,562.0,0.47,0.316,79.0,78.0,4.5,0.006,0.0,62.0,0.097,472.0,4816.0
Linear,-31.552839780124916,9.0,562.0,0.47,0.317,79.0,78.0,4.5,0.006,0.0,62.0,0.097,472.0,4816.0
Linear,-31.328430516748497,9.0,562.0,0.47,0.318,79.0,78.0,4.5,0.006,0.0,62.0,0.097,472.0,4816.0
Linear,-31.10402125337208,9.0,562.0,0.47,0.319,79.0,78.0,4.5,0.006,0.0,62.0,0.097,472.0,4816.0
Linear,-30.879611989995663,9.0,562.0,0.47,0.32,79.0,78.0,4.5,0.006,0.0,62.0,0.097,472.0,4816.0
Linear,-32.782937918808955,9.0,562.0,0.471,0.31,79.0,78.0,4.5,0.006,0.0,62.0,0.097,472.0,4816.0
Linear,-32.55852865543254,9.0,562.0,0.471,0.311,79.0,78.0,4.5,0.006,0.0,62.0,0.097,472.0,4816.0
Linear,-32.33411939205612,9.0,562.0,0.471,0.312,79.0,78.0,4.5,0.006,0.0,62.0,0.097,472.0,4816.0
Linear,-32.1097101286797,9.0,562.0,0.471,0.313,79.0,78.0,4.5,0.006,0.0,62.0,0.097,472.0,4816.0
Linear,-31.885300865303282,9.0,562.0,0.471,0.314,79.0,78.0,4.5,0.006,0.0,62.0,0.097,472.0,4816.0
Linear,-31.660891601926867,9.0,562.0,0.471,0.315,79.0,78.0,4.5,0.006,0.0,62.0,0.097,472.0,4816.0
Linear,-31.436482338550448,9.0,562.0,0.471,0.316,79.0,78.0,4.5,0.006,0.0,62.0,0.097,472.0,4816.0
Linear,-31.21207307517403,9.0,562.0,0.471,0.317,79.0,78.0,4.5,0.006,0.0,62.0,0.097,472.0,4816.0
Linear,-30.987663811797614,9.0,562.0,0.471,0.318,79.0,78.0,4.5,0.006,0.0,62.0,0.097,472.0,4816.0
Linear,-30.763254548421195,9.0,562.0,0.471,0.319,79.0,78.0,4.5,0.006,0.0,62.0,0.097,472.0,4816.0
Linear,-30.538845285044776,9.0,562.0,0.471,0.32,79.0,78.0,4.5,0.006,0.0,62.0,0.097,472.0,4816.0
Linear,-32.44217121385807,9.0,562.0,0.472,0.31,79.0,78.0,4.5,0.006,0.0,62.0,0.097,472.0,4816.0
Linear,-32.21776195048165,9.0,562.0,0.472,0.311,79.0,78.0,4.5,0.006,0.0,62.0,0.097,472.0,4816.0
Linear,-31.993352687105233,9.0,562.0,0.472,0.312,79.0,78.0,4.5,0.006,0.0,62.0,0.097,472.0,4816.0
Linear,-31.768943423728818,9.0,562.0,0.472,0.313,79.0,78.0,4.5,0.006,0.0,62.0,0.097,472.0,4816.0
Linear,-31.5445341603524,9.0,562.0,0.472,0.314,79.0,78.0,4.5,0.006,0.0,62.0,0.097,472.0,4816.0
Linear,-31.32012489697598,9.0,562.0,0.472,0.315,79.0,78.0,4.5,0.006,0.0,62.0,0.097,472.0,4816.0
Linear,-31.095715633599564,9.0,562.0,0.472,0.316,79.0,78.0,4.5,0.006,0.0,62.0,0.097,472.0,4816.0
Linear,-30.871306370223145,9.0,562.0,0.472,0.317,79.0,78.0,4.5,0.006,0.0,62.0,0.097,472.0,4816.0
Linear,-30.646897106846726,9.0,562.0,0.472,0.318,79.0,78.0,4.5,0.006,0.0,62.0,0.097,472.0,4816.0
Linear,-30.422487843470307,9.0,562.0,0.472,0.319,79.0,78.0,4.5,0.006,0.0,62.0,0.097,472.0,4816.0
Linear,-30.198078580093892,9.0,562.0,0.472,0.32,79.0,78.0,4.5,0.006,0.0,62.0,0.097,472.0,4816.0
Linear,-32.10140450890719,9.0,562.0,0.473,0.31,79.0,78.0,4.5,0.006,0.0,62.0,0.097,472.0,4816.0
Linear,-31.876995245530768,9.0,562.0,0.473,0.311,79.0,78.0,4.5,0.006,0.0,62.0,0.097,472.0,4816.0
Linear,-31.65258598215435,9.0,562.0,0.473,0.312,79.0,78.0,4.5,0.006,0.0,62.0,0.097,472.0,4816.0
Linear,-31.42817671877793,9.0,562.0,0.473,0.313,79.0,78.0,4.5,0.006,0.0,62.0,0.097,472.0,4816.0
Linear,-31.203767455401515,9.0,562.0,0.473,0.314,79.0,78.0,4.5,0.006,0.0,62.0,0.097,472.0,4816.0
Linear,-30.979358192025096,9.0,562.0,0.473,0.315,79.0,78.0,4.5,0.006,0.0,62.0,0.097,472.0,4816.0
Linear,-30.754948928648677,9.0,562.0,0.473,0.316,79.0,78.0,4.5,0.006,0.0,62.0,0.097,472.0,4816.0
Linear,-30.530539665272258,9.0,562.0,0.473,0.317,79.0,78.0,4.5,0.006,0.0,62.0,0.097,472.0,4816.0
Linear,-30.306130401895842,9.0,562.0,0.473,0.318,79.0,78.0,4.5,0.006,0.0,62.0,0.097,472.0,4816.0
Linear,-30.081721138519423,9.0,562.0,0.473,0.319,79.0,78.0,4.5,0.006,0.0,62.0,0.097,472.0,4816.0
Linear,-29.857311875143004,9.0,562.0,0.473,0.32,79.0,78.0,4.5,0.006,0.0,62.0,0.097,472.0,4816.0
Linear,-31.7606378039563,9.0,562.0,0.474,0.31,79.0,78.0,4.5,0.006,0.0,62.0,0.097,472.0,4816.0
Linear,-31.53622854057988,9.0,562.0,0.474,0.311,79.0,78.0,4.5,0.006,0.0,62.0,0.097,472.0,4816.0
Linear,-31.311819277203465,9.0,562.0,0.474,0.312,79.0,78.0,4.5,0.006,0.0,62.0,0.097,472.0,4816.0
Linear,-31.087410013827046,9.0,562.0,0.474,0.313,79.0,78.0,4.5,0.006,0.0,62.0,0.097,472.0,4816.0
Linear,-30.863000750450627,9.0,562.0,0.474,0.314,79.0,78.0,4.5,0.006,0.0,62.0,0.097,472.0,4816.0
Linear,-30.63859148707421,9.0,562.0,0.474,0.315,79.0,78.0,4.5,0.006,0.0,62.0,0.097,472.0,4816.0
Linear,-30.414182223697793,9.0,562.0,0.474,0.316,79.0,78.0,4.5,0.006,0.0,62.0,0.097,472.0,4816.0
Linear,-30.189772960321374,9.0,562.0,0.474,0.317,79.0,78.0,4.5,0.006,0.0,62.0,0.097,472.0,4816.0
Linear,-29.965363696944955,9.0,562.0,0.474,0.318,79.0,78.0,4.5,0.006,0.0,62.0,0.097,472.0,4816.0
Linear,-29.74095443356854,9.0,562.0,0.474,0.319,79.0,78.0,4.5,0.006,0.0,62.0,0.097,472.0,4816.0
Linear,-29.51654517019212,9.0,562.0,0.474,0.32,79.0,78.0,4.5,0.006,0.0,62.0,0.097,472.0,4816.0
Linear,-31.41987109900536,9.0,562.0,0.475,0.31,79.0,78.0,4.5,0.006,0.0,62.0,0.097,472.0,4816.0
Linear,-31.19546183562894,9.0,562.0,0.475,0.311,79.0,78.0,4.5,0.006,0.0,62.0,0.097,472.0,4816.0
Linear,-30.97105257225252,9.0,562.0,0.475,0.312,79.0,78.0,4.5,0.006,0.0,62.0,0.097,472.0,4816.0
Linear,-30.746643308876106,9.0,562.0,0.475,0.313,79.0,78.0,4.5,0.006,0.0,62.0,0.097,472.0,4816.0
Linear,-30.522234045499687,9.0,562.0,0.475,0.314,79.0,78.0,4.5,0.006,0.0,62.0,0.097,472.0,4816.0
Linear,-30.297824782123268,9.0,562.0,0.475,0.315,79.0,78.0,4.5,0.006,0.0,62.0,0.097,472.0,4816.0
Linear,-30.07341551874685,9.0,562.0,0.475,0.316,79.0,78.0,4.5,0.006,0.0,62.0,0.097,472.0,4816.0
Linear,-29.849006255370433,9.0,562.0,0.475,0.317,79.0,78.0,4.5,0.006,0.0,62.0,0.097,472.0,4816.0
Linear,-29.624596991994014,9.0,562.0,0.475,0.318,79.0,78.0,4.5,0.006,0.0,62.0,0.097,472.0,4816.0
Linear,-29.400187728617595,9.0,562.0,0.475,0.319,79.0,78.0,4.5,0.006,0.0,62.0,0.097,472.0,4816.0
Linear,-29.17577846524118,9.0,562.0,0.475,0.32,79.0,78.0,4.5,0.006,0.0,62.0,0.097,472.0,4816.0
Linear,-31.07910439405453,9.0,562.0,0.476,0.31,79.0,78.0,4.5,0.006,0.0,62.0,0.097,472.0,4816.0
Linear,-30.85469513067811,9.0,562.0,0.476,0.311,79.0,78.0,4.5,0.006,0.0,62.0,0.097,472.0,4816.0
Linear,-30.630285867301694,9.0,562.0,0.476,0.312,79.0,78.0,4.5,0.006,0.0,62.0,0.097,472.0,4816.0
Linear,-30.405876603925275,9.0,562.0,0.476,0.313,79.0,78.0,4.5,0.006,0.0,62.0,0.097,472.0,4816.0
Linear,-30.181467340548856,9.0,562.0,0.476,0.314,79.0,78.0,4.5,0.006,0.0,62.0,0.097,472.0,4816.0
Linear,-29.95705807717244,9.0,562.0,0.476,0.315,79.0,78.0,4.5,0.006,0.0,62.0,0.097,472.0,4816.0
Linear,-29.732648813796022,9.0,562.0,0.476,0.316,79.0,78.0,4.5,0.006,0.0,62.0,0.097,472.0,4816.0
Linear,-29.508239550419603,9.0,562.0,0.476,0.317,79.0,78.0,4.5,0.006,0.0,62.0,0.097,472.0,4816.0
Linear,-29.283830287043187,9.0,562.0,0.476,0.318,79.0,78.0,4.5,0.006,0.0,62.0,0.097,472.0,4816.0
Linear,-29.05942102366677,9.0,562.0,0.476,0.319,79.0,78.0,4.5,0.006,0.0,62.0,0.097,472.0,4816.0
Linear,-28.83501176029035,9.0,562.0,0.476,0.32,79.0,78.0,4.5,0.006,0.0,62.0,0.097,472.0,4816.0
Linear,-30.738337689103588,9.0,562.0,0.477,0.31,79.0,78.0,4.5,0.006,0.0,62.0,0.097,472.0,4816.0
Linear,-30.51392842572717,9.0,562.0,0.477,0.311,79.0,78.0,4.5,0.006,0.0,62.0,0.097,472.0,4816.0
Linear,-30.28951916235075,9.0,562.0,0.477,0.312,79.0,78.0,4.5,0.006,0.0,62.0,0.097,472.0,4816.0
Linear,-30.065109898974335,9.0,562.0,0.477,0.313,79.0,78.0,4.5,0.006,0.0,62.0,0.097,472.0,4816.0
Linear,-29.840700635597916,9.0,562.0,0.477,0.314,79.0,78.0,4.5,0.006,0.0,62.0,0.097,472.0,4816.0
Linear,-29.616291372221497,9.0,562.0,0.477,0.315,79.0,78.0,4.5,0.006,0.0,62.0,0.097,472.0,4816.0
Linear,-29.39188210884508,9.0,562.0,0.477,0.316,79.0,78.0,4.5,0.006,0.0,62.0,0.097,472.0,4816.0
Linear,-29.167472845468662,9.0,562.0,0.477,0.317,79.0,78.0,4.5,0.006,0.0,62.0,0.097,472.0,4816.0
Linear,-28.943063582092243,9.0,562.0,0.477,0.318,79.0,78.0,4.5,0.006,0.0,62.0,0.097,472.0,4816.0
Linear,-28.718654318715824,9.0,562.0,0.477,0.319,79.0,78.0,4.5,0.006,0.0,62.0,0.097,472.0,4816.0
Linear,-28.49424505533941,9.0,562.0,0.477,0.32,79.0,78.0,4.5,0.006,0.0,62.0,0.097,472.0,4816.0
Linear,-30.397570984152757,9.0,562.0,0.478,0.31,79.0,78.0,4.5,0.006,0.0,62.0,0.097,472.0,4816.0
Linear,-30.173161720776342,9.0,562.0,0.478,0.311,79.0,78.0,4.5,0.006,0.0,62.0,0.097,472.0,4816.0
Linear,-29.948752457399923,9.0,562.0,0.478,0.312,79.0,78.0,4.5,0.006,0.0,62.0,0.097,472.0,4816.0
Linear,-29.724343194023504,9.0,562.0,0.478,0.313,79.0,78.0,4.5,0.006,0.0,62.0,0.097,472.0,4816.0
Linear,-29.49993393064709,9.0,562.0,0.478,0.314,79.0,78.0,4.5,0.006,0.0,62.0,0.097,472.0,4816.0
Linear,-29.27552466727067,9.0,562.0,0.478,0.315,79.0,78.0,4.5,0.006,0.0,62.0,0.097,472.0,4816.0
Linear,-29.05111540389425,9.0,562.0,0.478,0.316,79.0,78.0,4.5,0.006,0.0,62.0,0.097,472.0,4816.0
Linear,-28.82670614051783,9.0,562.0,0.478,0.317,79.0,78.0,4.5,0.006,0.0,62.0,0.097,472.0,4816.0
Linear,-28.602296877141416,9.0,562.0,0.478,0.318,79.0,78.0,4.5,0.006,0.0,62.0,0.097,472.0,4816.0
Linear,-28.377887613764997,9.0,562.0,0.478,0.319,79.0,78.0,4.5,0.006,0.0,62.0,0.097,472.0,4816.0
Linear,-28.15347835038858,9.0,562.0,0.478,0.32,79.0,78.0,4.5,0.006,0.0,62.0,0.097,472.0,4816.0
Linear,-30.056804279201817,9.0,562.0,0.479,0.31,79.0,78.0,4.5,0.006,0.0,62.0,0.097,472.0,4816.0
Linear,-29.832395015825398,9.0,562.0,0.479,0.311,79.0,78.0,4.5,0.006,0.0,62.0,0.097,472.0,4816.0
Linear,-29.607985752448982,9.0,562.0,0.479,0.312,79.0,78.0,4.5,0.006,0.0,62.0,0.097,472.0,4816.0
Linear,-29.383576489072563,9.0,562.0,0.479,0.313,79.0,78.0,4.5,0.006,0.0,62.0,0.097,472.0,4816.0
Linear,-29.159167225696144,9.0,562.0,0.479,0.314,79.0,78.0,4.5,0.006,0.0,62.0,0.097,472.0,4816.0
Linear,-28.934757962319726,9.0,562.0,0.479,0.315,79.0,78.0,4.5,0.006,0.0,62.0,0.097,472.0,4816.0
Linear,-28.71034869894331,9.0,562.0,0.479,0.316,79.0,78.0,4.5,0.006,0.0,62.0,0.097,472.0,4816.0
Linear,-28.48593943556689,9.0,562.0,0.479,0.317,79.0,78.0,4.5,0.006,0.0,62.0,0.097,472.0,4816.0
Linear,-28.261530172190472,9.0,562.0,0.479,0.318,79.0,78.0,4.5,0.006,0.0,62.0,0.097,472.0,4816.0
Linear,-28.037120908814057,9.0,562.0,0.479,0.319,79.0,78.0,4.5,0.006,0.0,62.0,0.097,472.0,4816.0
Linear,-27.812711645437638,9.0,562.0,0.479,0.32,79.0,78.0,4.5,0.006,0.0,62.0,0.097,472.0,4816.0
Linear,-29.71603757425099,9.0,562.0,0.48,0.31,79.0,78.0,4.5,0.006,0.0,62.0,0.097,472.0,4816.0
Linear,-29.49162831087457,9.0,562.0,0.48,0.311,79.0,78.0,4.5,0.006,0.0,62.0,0.097,472.0,4816.0
Linear,-29.267219047498152,9.0,562.0,0.48,0.312,79.0,78.0,4.5,0.006,0.0,62.0,0.097,472.0,4816.0
Linear,-29.042809784121733,9.0,562.0,0.48,0.313,79.0,78.0,4.5,0.006,0.0,62.0,0.097,472.0,4816.0
Linear,-28.818400520745318,9.0,562.0,0.48,0.314,79.0,78.0,4.5,0.006,0.0,62.0,0.097,472.0,4816.0
Linear,-28.5939912573689,9.0,562.0,0.48,0.315,79.0,78.0,4.5,0.006,0.0,62.0,0.097,472.0,4816.0
Linear,-28.36958199399248,9.0,562.0,0.48,0.316,79.0,78.0,4.5,0.006,0.0,62.0,0.097,472.0,4816.0
Linear,-28.145172730616064,9.0,562.0,0.48,0.317,79.0,78.0,4.5,0.006,0.0,62.0,0.097,472.0,4816.0
Linear,-27.920763467239645,9.0,562.0,0.48,0.318,79.0,78.0,4.5,0.006,0.0,62.0,0.097,472.0,4816.0
Linear,-27.696354203863226,9.0,562.0,0.48,0.319,79.0,78.0,4.5,0.006,0.0,62.0,0.097,472.0,4816.0
Linear,-27.471944940486807,9.0,562.0,0.48,0.32,79.0,78.0,4.5,0.006,0.0,62.0,0.097,472.0,4816.0
Lasso,13.71,9.0,563.0,0.47,0.31,79.0,78.0,4.5,0.006,0.0,62.0,0.097,472.0,4816.0
Lasso,13.71,9.0,563.0,0.47,0.311,79.0,78.0,4.5,0.006,0.0,62.0,0.097,472.0,4816.0
Lasso,13.71,9.0,563.0,0.47,0.312,79.0,78.0,4.5,0.006,0.0,62.0,0.097,472.0,4816.0
Lasso,13.71,9.0,563.0,0.47,0.313,79.0,78.0,4.5,0.006,0.0,62.0,0.097,472.0,4816.0
Lasso,13.71,9.0,563.0,0.47,0.314,79.0,78.0,4.5,0.006,0.0,62.0,0.097,472.0,4816.0
Lasso,13.71,9.0,563.0,0.47,0.315,79.0,78.0,4.5,0.006,0.0,62.0,0.097,472.0,4816.0
Lasso,13.71,9.0,563.0,0.47,0.316,79.0,78.0,4.5,0.006,0.0,62.0,0.097,472.0,4816.0
Lasso,13.71,9.0,563.0,0.47,0.317,79.0,78.0,4.5,0.006,0.0,62.0,0.097,472.0,4816.0
Lasso,13.71,9.0,563.0,0.47,0.318,79.0,78.0,4.5,0.006,0.0,62.0,0.097,472.0,4816.0
Lasso,13.71,9.0,563.0,0.47,0.319,79.0,78.0,4.5,0.006,0.0,62.0,0.097,472.0,4816.0
Lasso,13.71,9.0,563.0,0.47,0.32,79.0,78.0,4.5,0.006,0.0,62.0,0.097,472.0,4816.0
Lasso,13.71,9.0,563.0,0.471,0.31,79.0,78.0,4.5,0.006,0.0,62.0,0.097,472.0,4816.0
Lasso,13.71,9.0,563.0,0.471,0.311,79.0,78.0,4.5,0.006,0.0,62.0,0.097,472.0,4816.0
Lasso,13.71,9.0,563.0,0.471,0.312,79.0,78.0,4.5,0.006,0.0,62.0,0.097,472.0,4816.0
Lasso,13.71,9.0,563.0,0.471,0.313,79.0,78.0,4.5,0.006,0.0,62.0,0.097,472.0,4816.0
Lasso,13.71,9.0,563.0,0.471,0.314,79.0,78.0,4.5,0.006,0.0,62.0,0.097,472.0,4816.0
Lasso,13.71,9.0,563.0,0.471,0.315,79.0,78.0,4.5,0.006,0.0,62.0,0.097,472.0,4816.0
Lasso,13.71,9.0,563.0,0.471,0.316,79.0,78.0,4.5,0.006,0.0,62.0,0.097,472.0,4816.0
Lasso,13.71,9.0,563.0,0.471,0.317,79.0,78.0,4.5,0.006,0.0,62.0,0.097,472.0,4816.0
Lasso,13.71,9.0,563.0,0.471,0.318,79.0,78.0,4.5,0.006,0.0,62.0,0.097,472.0,4816.0
Lasso,13.71,9.0,563.0,0.471,0.319,79.0,78.0,4.5,0.006,0.0,62.0,0.097,472.0,4816.0
Lasso,13.71,9.0,563.0,0.471,0.32,79.0,78.0,4.5,0.006,0.0,62.0,0.097,472.0,4816.0
Lasso,13.71,9.0,563.0,0.472,0.31,79.0,78.0,4.5,0.006,0.0,62.0,0.097,472.0,4816.0
Lasso,13.71,9.0,563.0,0.472,0.311,79.0,78.0,4.5,0.006,0.0,62.0,0.097,472.0,4816.0
Lasso,13.71,9.0,563.0,0.472,0.312,79.0,78.0,4.5,0.006,0.0,62.0,0.097,472.0,4816.0
Lasso,13.71,9.0,563.0,0.472,0.313,79.0,78.0,4.5,0.006,0.0,62.0,0.097,472.0,4816.0
Lasso,13.71,9.0,563.0,0.472,0.314,79.0,78.0,4.5,0.006,0.0,62.0,0.097,472.0,4816.0
Lasso,13.71,9.0,563.0,0.472,0.315,79.0,78.0,4.5,0.006,0.0,62.0,0.097,472.0,4816.0
Lasso,13.71,9.0,563.0,0.472,0.316,79.0,78.0,4.5,0.006,0.0,62.0,0.097,472.0,4816.0
Lasso,13.71,9.0,563.0,0.472,0.317,79.0,78.0,4.5,0.006,0.0,62.0,0.097,472.0,4816.0
Lasso,13.71,9.0,563.0,0.472,0.318,79.0,78.0,4.5,0.006,0.0,62.0,0.097,472.0,4816.0
Lasso,13.71,9.0,563.0,0.472,0.319,79.0,78.0,4.5,0.006,0.0,62.0,0.097,472.0,4816.0
Lasso,13.71,9.0,563.0,0.472,0.32,79.0,78.0,4.5,0.006,0.0,62.0,0.097,472.0,4816.0
Lasso,13.71,9.0,563.0,0.473,0.31,79.0,78.0,4.5,0.006,0.0,62.0,0.097,472.0,4816.0
Lasso,13.71,9.0,563.0,0.473,0.311,79.0,78.0,4.5,0.006,0.0,62.0,0.097,472.0,4816.0
Lasso,13.71,9.0,563.0,0.473,0.312,79.0,78.0,4.5,0.006,0.0,62.0,0.097,472.0,4816.0
Lasso,13.71,9.0,563.0,0.473,0.313,79.0,78.0,4.5,0.006,0.0,62.0,0.097,472.0,4816.0
Lasso,13.71,9.0,563.0,0.473,0.314,79.0,78.0,4.5,0.006,0.0,62.0,0.097,472.0,4816.0
Lasso,13.71,9.0,563.0,0.473,0.315,79.0,78.0,4.5,0.006,0.0,62.0,0.097,472.0,4816.0
Lasso,13.71,9.0,563.0,0.473,0.316,79.0,78.0,4.5,0.006,0.0,62.0,0.097,472.0,4816.0
Lasso,13.71,9.0,563.0,0.473,0.317,79.0,78.0,4.5,0.006,0.0,62.0,0.097,472.0,4816.0
Lasso,13.71,9.0,563.0,0.473,0.318,79.0,78.0,4.5,0.006,0.0,62.0,0.097,472.0,4816.0
Lasso,13.71,9.0,563.0,0.473,0.319,79.0,78.0,4.5,0.006,0.0,62.0,0.097,472.0,4816.0
Lasso,13.71,9.0,563.0,0.473,0.32,79.0,78.0,4.5,0.006,0.0,62.0,0.097,472.0,4816.0
Lasso,13.71,9.0,563.0,0.474,0.31,79.0,78.0,4.5,0.006,0.0,62.0,0.097,472.0,4816.0
Lasso,13.71,9.0,563.0,0.474,0.311,79.0,78.0,4.5,0.006,0.0,62.0,0.097,472.0,4816.0
Lasso,13.71,9.0,563.0,0.474,0.312,79.0,78.0,4.5,0.006,0.0,62.0,0.097,472.0,4816.0
Lasso,13.71,9.0,563.0,0.474,0.313,79.0,78.0,4.5,0.006,0.0,62.0,0.097,472.0,4816.0
Lasso,13.71,9.0,563.0,0.474,0.314,79.0,78.0,4.5,0.006,0.0,62.0,0.097,472.0,4816.0
Lasso,13.71,9.0,563.0,0.474,0.315,79.0,78.0,4.5,0.006,0.0,62.0,0.097,472.0,4816.0
Lasso,13.71,9.0,563.0,0.474,0.316,79.0,78.0,4.5,0.006,0.0,62.0,0.097,472.0,4816.0
Lasso,13.71,9.0,563.0,0.474,0.317,79.0,78.0,4.5,0.006,0.0,62.0,0.097,472.0,4816.0
Lasso,13.71,9.0,563.0,0.474,0.318,79.0,78.0,4.5,0.006,0.0,62.0,0.097,472.0,4816.0
Lasso,13.71,9.0,563.0,0.474,0.319,79.0,78.0,4.5,0.006,0.0,62.0,0.097,472.0,4816.0
Lasso,13.71,9.0,563.0,0.474,0.32,79.0,78.0,4.5,0.006,0.0,62.0,0.097,472.0,4816.0
Lasso,13.71,9.0,563.0,0.475,0.31,79.0,78.0,4.5,0.006,0.0,62.0,0.097,472.0,4816.0
Lasso,13.71,9.0,563.0,0.475,0.311,79.0,78.0,4.5,0.006,0.0,62.0,0.097,472.0,4816.0
Lasso,13.71,9.0,563.0,0.475,0.312,79.0,78.0,4.5,0.006,0.0,62.0,0.097,472.0,4816.0
Lasso,13.71,9.0,563.0,0.475,0.313,79.0,78.0,4.5,0.006,0.0,62.0,0.097,472.0,4816.0
Lasso,13.71,9.0,563.0,0.475,0.314,79.0,78.0,4.5,0.006,0.0,62.0,0.097,472.0,4816.0
Lasso,13.71,9.0,563.0,0.475,0.315,79.0,78.0,4.5,0.006,0.0,62.0,0.097,472.0,4816.0
Lasso,13.71,9.0,563.0,0.475,0.316,79.0,78.0,4.5,0.006,0.0,62.0,0.097,472.0,4816.0
Lasso,13.71,9.0,563.0,0.475,0.317,79.0,78.0,4.5,0.006,0.0,62.0,0.097,472.0,4816.0
Lasso,13.71,9.0,563.0,0.475,0.318,79.0,78.0,4.5,0.006,0.0,62.0,0.097,472.0,4816.0
Lasso,13.71,9.0,563.0,0.475,0.319,79.0,78.0,4.5,0.006,0.0,62.0,0.097,472.0,4816.0
Lasso,13.71,9.0,563.0,0.475,0.32,79.0,78.0,4.5,0.006,0.0,62.0,0.097,472.0,4816.0
Lasso,13.71,9.0,563.0,0.476,0.31,79.0,78.0,4.5,0.006,0.0,62.0,0.097,472.0,4816.0
Lasso,13.71,9.0,563.0,0.476,0.311,79.0,78.0,4.5,0.006,0.0,62.0,0.097,472.0,4816.0
Lasso,13.71,9.0,563.0,0.476,0.312,79.0,78.0,4.5,0.006,0.0,62.0,0.097,472.0,4816.0
Lasso,13.71,9.0,563.0,0.476,0.313,79.0,78.0,4.5,0.006,0.0,62.0,0.097,472.0,4816.0
Lasso,13.71,9.0,563.0,0.476,0.314,79.0,78.0,4.5,0.006,0.0,62.0,0.097,472.0,4816.0
Lasso,13.71,9.0,563.0,0.476,0.315,79.0,78.0,4.5,0.006,0.0,62.0,0.097,472.0,4816.0
Lasso,13.71,9.0,563.0,0.476,0.316,79.0,78.0,4.5,0.006,0.0,62.0,0.097,472.0,4816.0
Lasso,13.71,9.0,563.0,0.476,0.317,79.0,78.0,4.5,0.006,0.0,62.0,0.097,472.0,4816.0
Lasso,13.71,9.0,563.0,0.476,0.318,79.0,78.0,4.5,0.006,0.0,62.0,0.097,472.0,4816.0
Lasso,13.71,9.0,563.0,0.476,0.319,79.0,78.0,4.5,0.006,0.0,62.0,0.097,472.0,4816.0
Lasso,13.71,9.0,563.0,0.476,0.32,79.0,78.0,4.5,0.006,0.0,62.0,0.097,472.0,4816.0
Lasso,13.71,9.0,563.0,0.477,0.31,79.0,78.0,4.5,0.006,0.0,62.0,0.097,472.0,4816.0
Lasso,13.71,9.0,563.0,0.477,0.311,79.0,78.0,4.5,0.006,0.0,62.0,0.097,472.0,4816.0
Lasso,13.71,9.0,563.0,0.477,0.312,79.0,78.0,4.5,0.006,0.0,62.0,0.097,472.0,4816.0
Lasso,13.71,9.0,563.0,0.477,0.313,79.0,78.0,4.5,0.006,0.0,62.0,0.097,472.0,4816.0
Lasso,13.71,9.0,563.0,0.477,0.314,79.0,78.0,4.5,0.006,0.0,62.0,0.097,472.0,4816.0
Lasso,13.71,9.0,563.0,0.477,0.315,79.0,78.0,4.5,0.006,0.0,62.0,0.097,472.0,4816.0
Lasso,13.71,9.0,563.0,0.477,0.316,79.0,78.0,4.5,0.006,0.0,62.0,0.097,472.0,4816.0
Lasso,13.71,9.0,563.0,0.477,0.317,79.0,78.0,4.5,0.006,0.0,62.0,0.097,472.0,4816.0
Lasso,13.71,9.0,563.0,0.477,0.318,79.0,78.0,4.5,0.006,0.0,62.0,0.097,472.0,4816.0
Lasso,13.71,9.0,563.0,0.477,0.319,79.0,78.0,4.5,0.006,0.0,62.0,0.097,472.0,4816.0
Lasso,13.71,9.0,563.0,0.477,0.32,79.0,78.0,4.5,0.006,0.0,62.0,0.097,472.0,4816.0
Lasso,13.71,9.0,563.0,0.478,0.31,79.0,78.0,4.5,0.006,0.0,62.0,0.097,472.0,4816.0
Lasso,13.71,9.0,563.0,0.478,0.311,79.0,78.0,4.5,0.006,0.0,62.0,0.097,472.0,4816.0
Lasso,13.71,9.0,563.0,0.478,0.312,79.0,78.0,4.5,0.006,0.0,62.0,0.097,472.0,4816.0
Lasso,13.71,9.0,563.0,0.478,0.313,79.0,78.0,4.5,0.006,0.0,62.0,0.097,472.0,4816.0
Lasso,13.71,9.0,563.0,0.478,0.314,79.0,78.0,4.5,0.006,0.0,62.0,0.097,472.0,4816.0
Lasso,13.71,9.0,563.0,0.478,0.315,79.0,78.0,4.5,0.006,0.0,62.0,0.097,472.0,4816.0
Lasso,13.71,9.0,563.0,0.478,0.316,79.0,78.0,4.5,0.006,0.0,62.0,0.097,472.0,4816.0
Lasso,13.71,9.0,563.0,0.478,0.317,79.0,78.0,4.5,0.006,0.0,62.0,0.097,472.0,4816.0
Lasso,13.71,9.0,563.0,0.478,0.318,79.0,78.0,4.5,0.006,0.0,62.0,0.097,472.0,4816.0
Lasso,13.71,9.0,563.0,0.478,0.319,79.0,78.0,4.5,0.006,0.0,62.0,0.097,472.0,4816.0
Lasso,13.71,9.0,563.0,0.478,0.32,79.0,78.0,4.5,0.006,0.0,62.0,0.097,472.0,4816.0
Lasso,13.71,9.0,563.0,0.479,0.31,79.0,78.0,4.5,0.006,0.0,62.0,0.097,472.0,4816.0
Lasso,13.71,9.0,563.0,0.479,0.311,79.0,78.0,4.5,0.006,0.0,62.0,0.097,472.0,4816.0
Lasso,13.71,9.0,563.0,0.479,0.312,79.0,78.0,4.5,0.006,0.0,62.0,0.097,472.0,4816.0
Lasso,13.71,9.0,563.0,0.479,0.313,79.0,78.0,4.5,0.006,0.0,62.0,0.097,472.0,4816.0
Lasso,13.71,9.0,563.0,0.479,0.314,79.0,78.0,4.5,0.006,0.0,62.0,0.097,472.0,4816.0
Lasso,13.71,9.0,563.0,0.479,0.315,79.0,78.0,4.5,0.006,0.0,62.0,0.097,472.0,4816.0
Lasso,13.71,9.0,563.0,0.479,0.316,79.0,78.0,4.5,0.006,0.0,62.0,0.097,472.0,4816.0
Lasso,13.71,9.0,563.0,0.479,0.317,79.0,78.0,4.5,0.006,0.0,62.0,0.097,472.0,4816.0
Lasso,13.71,9.0,563.0,0.479,0.318,79.0,78.0,4.5,0.006,0.0,62.0,0.097,472.0,4816.0
Lasso,13.71,9.0,563.0,0.479,0.319,79.0,78.0,4.5,0.006,0.0,62.0,0.097,472.0,4816.0
Lasso,13.71,9.0,563.0,0.479,0.32,79.0,78.0,4.5,0.006,0.0,62.0,0.097,472.0,4816.0
Lasso,13.71,9.0,563.0,0.48,0.31,79.0,78.0,4.5,0.006,0.0,62.0,0.097,472.0,4816.0
Lasso,13.71,9.0,563.0,0.48,0.311,79.0,78.0,4.5,0.006,0.0,62.0,0.097,472.0,4816.0
Lasso,13.71,9.0,563.0,0.48,0.312,79.0,78.0,4.5,0.006,0.0,62.0,0.097,472.0,4816.0
Lasso,13.71,9.0,563.0,0.48,0.313,79.0,78.0,4.5,0.006,0.0,62.0,0.097,472.0,4816.0
Lasso,13.71,9.0,563.0,0.48,0.314,79.0,78.0,4.5,0.006,0.0,62.0,0.097,472.0,4816.0
Lasso,13.71,9.0,563.0,0.48,0.315,79.0,78.0,4.5,0.006,0.0,62.0,0.097,472.0,4816.0
Lasso,13.71,9.0,563.0,0.48,0.316,79.0,78.0,4.5,0.006,0.0,62.0,0.097,472.0,4816.0
Lasso,13.71,9.0,563.0,0.48,0.317,79.0,78.0,4.5,0.006,0.0,62.0,0.097,472.0,4816.0
Lasso,13.71,9.0,563.0,0.48,0.318,79.0,78.0,4.5,0.006,0.0,62.0,0.097,472.0,4816.0
Lasso,13.71,9.0,563.0,0.48,0.319,79.0,78.0,4.5,0.006,0.0,62.0,0.097,472.0,4816.0
Lasso,13.71,9.0,563.0,0.48,0.32,79.0,78.0,4.5,0.006,0.0,62.0,0.097,472.0,4816.0
Lasso,13.7,9.0,562.0,0.47,0.31,79.0,78.0,4.5,0.006,0.0,62.0,0.097,472.0,4816.0
Lasso,13.7,9.0,562.0,0.47,0.311,79.0,78.0,4.5,0.006,0.0,62.0,0.097,472.0,4816.0
Lasso,13.7,9.0,562.0,0.47,0.312,79.0,78.0,4.5,0.006,0.0,62.0,0.097,472.0,4816.0
Lasso,13.7,9.0,562.0,0.47,0.313,79.0,78.0,4.5,0.006,0.0,62.0,0.097,472.0,4816.0
Lasso,13.7,9.0,562.0,0.47,0.314,79.0,78.0,4.5,0.006,0.0,62.0,0.097,472.0,4816.0
Lasso,13.7,9.0,562.0,0.47,0.315,79.0,78.0,4.5,0.006,0.0,62.0,0.097,472.0,4816.0
Lasso,13.7,9.0,562.0,0.47,0.316,79.0,78.0,4.5,0.006,0.0,62.0,0.097,472.0,4816.0
Lasso,13.7,9.0,562.0,0.47,0.317,79.0,78.0,4.5,0.006,0.0,62.0,0.097,472.0,4816.0
Lasso,13.7,9.0,562.0,0.47,0.318,79.0,78.0,4.5,0.006,0.0,62.0,0.097,472.0,4816.0
Lasso,13.7,9.0,562.0,0.47,0.319,79.0,78.0,4.5,0.006,0.0,62.0,0.097,472.0,4816.0
Lasso,13.7,9.0,562.0,0.47,0.32,79.0,78.0,4.5,0.006,0.0,62.0,0.097,472.0,4816.0
Lasso,13.7,9.0,562.0,0.471,0.31,79.0,78.0,4.5,0.006,0.0,62.0,0.097,472.0,4816.0
Lasso,13.7,9.0,562.0,0.471,0.311,79.0,78.0,4.5,0.006,0.0,62.0,0.097,472.0,4816.0
Lasso,13.7,9.0,562.0,0.471,0.312,79.0,78.0,4.5,0.006,0.0,62.0,0.097,472.0,4816.0
Lasso,13.7,9.0,562.0,0.471,0.313,79.0,78.0,4.5,0.006,0.0,62.0,0.097,472.0,4816.0
Lasso,13.7,9.0,562.0,0.471,0.314,79.0,78.0,4.5,0.006,0.0,62.0,0.097,472.0,4816.0
Lasso,13.7,9.0,562.0,0.471,0.315,79.0,78.0,4.5,0.006,0.0,62.0,0.097,472.0,4816.0
Lasso,13.7,9.0,562.0,0.471,0.316,79.0,78.0,4.5,0.006,0.0,62.0,0.097,472.0,4816.0
Lasso,13.7,9.0,562.0,0.471,0.317,79.0,78.0,4.5,0.006,0.0,62.0,0.097,472.0,4816.0
Lasso,13.7,9.0,562.0,0.471,0.318,79.0,78.0,4.5,0.006,0.0,62.0,0.097,472.0,4816.0
Lasso,13.7,9.0,562.0,0.471,0.319,79.0,78.0,4.5,0.006,0.0,62.0,0.097,472.0,4816.0
Lasso,13.7,9.0,562.0,0.471,0.32,79.0,78.0,4.5,0.006,0.0,62.0,0.097,472.0,4816.0
Lasso,13.7,9.0,562.0,0.472,0.31,79.0,78.0,4.5,0.006,0.0,62.0,0.097,472.0,4816.0
Lasso,13.7,9.0,562.0,0.472,0.311,79.0,78.0,4.5,0.006,0.0,62.0,0.097,472.0,4816.0
Lasso,13.7,9.0,562.0,0.472,0.312,79.0,78.0,4.5,0.006,0.0,62.0,0.097,472.0,4816.0
Lasso,13.7,9.0,562.0,0.472,0.313,79.0,78.0,4.5,0.006,0.0,62.0,0.097,472.0,4816.0
Lasso,13.7,9.0,562.0,0.472,0.314,79.0,78.0,4.5,0.006,0.0,62.0,0.097,472.0,4816.0
Lasso,13.7,9.0,562.0,0.472,0.315,79.0,78.0,4.5,0.006,0.0,62.0,0.097,472.0,4816.0
Lasso,13.7,9.0,562.0,0.472,0.316,79.0,78.0,4.5,0.006,0.0,62.0,0.097,472.0,4816.0
Lasso,13.7,9.0,562.0,0.472,0.317,79.0,78.0,4.5,0.006,0.0,62.0,0.097,472.0,4816.0
Lasso,13.7,9.0,562.0,0.472,0.318,79.0,78.0,4.5,0.006,0.0,62.0,0.097,472.0,4816.0
Lasso,13.7,9.0,562.0,0.472,0.319,79.0,78.0,4.5,0.006,0.0,62.0,0.097,472.0,4816.0
Lasso,13.7,9.0,562.0,0.472,0.32,79.0,78.0,4.5,0.006,0.0,62.0,0.097,472.0,4816.0
Lasso,13.7,9.0,562.0,0.473,0.31,79.0,78.0,4.5,0.006,0.0,62.0,0.097,472.0,4816.0
Lasso,13.7,9.0,562.0,0.473,0.311,79.0,78.0,4.5,0.006,0.0,62.0,0.097,472.0,4816.0
Lasso,13.7,9.0,562.0,0.473,0.312,79.0,78.0,4.5,0.006,0.0,62.0,0.097,472.0,4816.0
Lasso,13.7,9.0,562.0,0.473,0.313,79.0,78.0,4.5,0.006,0.0,62.0,0.097,472.0,4816.0
Lasso,13.7,9.0,562.0,0.473,0.314,79.0,78.0,4.5,0.006,0.0,62.0,0.097,472.0,4816.0
Lasso,13.7,9.0,562.0,0.473,0.315,79.0,78.0,4.5,0.006,0.0,62.0,0.097,472.0,4816.0
Lasso,13.7,9.0,562.0,0.473,0.316,79.0,78.0,4.5,0.006,0.0,62.0,0.097,472.0,4816.0
Lasso,13.7,9.0,562.0,0.473,0.317,79.0,78.0,4.5,0.006,0.0,62.0,0.097,472.0,4816.0
Lasso,13.7,9.0,562.0,0.473,0.318,79.0,78.0,4.5,0.006,0.0,62.0,0.097,472.0,4816.0
Lasso,13.7,9.0,562.0,0.473,0.319,79.0,78.0,4.5,0.006,0.0,62.0,0.097,472.0,4816.0
Lasso,13.7,9.0,562.0,0.473,0.32,79.0,78.0,4.5,0.006,0.0,62.0,0.097,472.0,4816.0
Lasso,13.7,9.0,562.0,0.474,0.31,79.0,78.0,4.5,0.006,0.0,62.0,0.097,472.0,4816.0
Lasso,13.7,9.0,562.0,0.474,0.311,79.0,78.0,4.5,0.006,0.0,62.0,0.097,472.0,4816.0
Lasso,13.7,9.0,562.0,0.474,0.312,79.0,78.0,4.5,0.006,0.0,62.0,0.097,472.0,4816.0
Lasso,13.7,9.0,562.0,0.474,0.313,79.0,78.0,4.5,0.006,0.0,62.0,0.097,472.0,4816.0
Lasso,13.7,9.0,562.0,0.474,0.314,79.0,78.0,4.5,0.006,0.0,62.0,0.097,472.0,4816.0
Lasso,13.7,9.0,562.0,0.474,0.315,79.0,78.0,4.5,0.006,0.0,62.0,0.097,472.0,4816.0
Lasso,13.7,9.0,562.0,0.474,0.316,79.0,78.0,4.5,0.006,0.0,62.0,0.097,472.0,4816.0
Lasso,13.7,9.0,562.0,0.474,0.317,79.0,78.0,4.5,0.006,0.0,62.0,0.097,472.0,4816.0
Lasso,13.7,9.0,562.0,0.474,0.318,79.0,78.0,4.5,0.006,0.0,62.0,0.097,472.0,4816.0
Lasso,13.7,9.0,562.0,0.474,0.319,79.0,78.0,4.5,0.006,0.0,62.0,0.097,472.0,4816.0
Lasso,13.7,9.0,562.0,0.474,0.32,79.0,78.0,4.5,0.006,0.0,62.0,0.097,472.0,4816.0
Lasso,13.7,9.0,562.0,0.475,0.31,79.0,78.0,4.5,0.006,0.0,62.0,0.097,472.0,4816.0
Lasso,13.7,9.0,562.0,0.475,0.311,79.0,78.0,4.5,0.006,0.0,62.0,0.097,472.0,4816.0
Lasso,13.7,9.0,562.0,0.475,0.312,79.0,78.0,4.5,0.006,0.0,62.0,0.097,472.0,4816.0
Lasso,13.7,9.0,562.0,0.475,0.313,79.0,78.0,4.5,0.006,0.0,62.0,0.097,472.0,4816.0
Lasso,13.7,9.0,562.0,0.475,0.314,79.0,78.0,4.5,0.006,0.0,62.0,0.097,472.0,4816.0
Lasso,13.7,9.0,562.0,0.475,0.315,79.0,78.0,4.5,0.006,0.0,62.0,0.097,472.0,4816.0
Lasso,13.7,9.0,562.0,0.475,0.316,79.0,78.0,4.5,0.006,0.0,62.0,0.097,472.0,4816.0
Lasso,13.7,9.0,562.0,0.475,0.317,79.0,78.0,4.5,0.006,0.0,62.0,0.097,472.0,4816.0
Lasso,13.7,9.0,562.0,0.475,0.318,79.0,78.0,4.5,0.006,0.0,62.0,0.097,472.0,4816.0
Lasso,13.7,9.0,562.0,0.475,0.319,79.0,78.0,4.5,0.006,0.0,62.0,0.097,472.0,4816.0
Lasso,13.7,9.0,562.0,0.475,0.32,79.0,78.0,4.5,0.006,0.0,62.0,0.097,472.0,4816.0
Lasso,13.7,9.0,562.0,0.476,0.31,79.0,78.0,4.5,0.006,0.0,62.0,0.097,472.0,4816.0
Lasso,13.7,9.0,562.0,0.476,0.311,79.0,78.0,4.5,0.006,0.0,62.0,0.097,472.0,4816.0
Lasso,13.7,9.0,562.0,0.476,0.312,79.0,78.0,4.5,0.006,0.0,62.0,0.097,472.0,4816.0
Lasso,13.7,9.0,562.0,0.476,0.313,79.0,78.0,4.5,0.006,0.0,62.0,0.097,472.0,4816.0
Lasso,13.7,9.0,562.0,0.476,0.314,79.0,78.0,4.5,0.006,0.0,62.0,0.097,472.0,4816.0
Lasso,13.7,9.0,562.0,0.476,0.315,79.0,78.0,4.5,0.006,0.0,62.0,0.097,472.0,4816.0
Lasso,13.7,9.0,562.0,0.476,0.316,79.0,78.0,4.5,0.006,0.0,62.0,0.097,472.0,4816.0
Lasso,13.7,9.0,562.0,0.476,0.317,79.0,78.0,4.5,0.006,0.0,62.0,0.097,472.0,4816.0
Lasso,13.7,9.0,562.0,0.476,0.318,79.0,78.0,4.5,0.006,0.0,62.0,0.097,472.0,4816.0
Lasso,13.7,9.0,562.0,0.476,0.319,79.0,78.0,4.5,0.006,0.0,62.0,0.097,472.0,4816.0
Lasso,13.7,9.0,562.0,0.476,0.32,79.0,78.0,4.5,0.006,0.0,62.0,0.097,472.0,4816.0
Lasso,13.7,9.0,562.0,0.477,0.31,79.0,78.0,4.5,0.006,0.0,62.0,0.097,472.0,4816.0
Lasso,13.7,9.0,562.0,0.477,0.311,79.0,78.0,4.5,0.006,0.0,62.0,0.097,472.0,4816.0
Lasso,13.7,9.0,562.0,0.477,0.312,79.0,78.0,4.5,0.006,0.0,62.0,0.097,472.0,4816.0
Lasso,13.7,9.0,562.0,0.477,0.313,79.0,78.0,4.5,0.006,0.0,62.0,0.097,472.0,4816.0
Lasso,13.7,9.0,562.0,0.477,0.314,79.0,78.0,4.5,0.006,0.0,62.0,0.097,472.0,4816.0
Lasso,13.7,9.0,562.0,0.477,0.315,79.0,78.0,4.5,0.006,0.0,62.0,0.097,472.0,4816.0
Lasso,13.7,9.0,562.0,0.477,0.316,79.0,78.0,4.5,0.006,0.0,62.0,0.097,472.0,4816.0
Lasso,13.7,9.0,562.0,0.477,0.317,79.0,78.0,4.5,0.006,0.0,62.0,0.097,472.0,4816.0
Lasso,13.7,9.0,562.0,0.477,0.318,79.0,78.0,4.5,0.006,0.0,62.0,0.097,472.0,4816.0
Lasso,13.7,9.0,562.0,0.477,0.319,79.0,78.0,4.5,0.006,0.0,62.0,0.097,472.0,4816.0
Lasso,13.7,9.0,562.0,0.477,0.32,79.0,78.0,4.5,0.006,0.0,62.0,0.097,472.0,4816.0
Lasso,13.7,9.0,562.0,0.478,0.31,79.0,78.0,4.5,0.006,0.0,62.0,0.097,472.0,4816.0
Lasso,13.7,9.0,562.0,0.478,0.311,79.0,78.0,4.5,0.006,0.0,62.0,0.097,472.0,4816.0
Lasso,13.7,9.0,562.0,0.478,0.312,79.0,78.0,4.5,0.006,0.0,62.0,0.097,472.0,4816.0
Lasso,13.7,9.0,562.0,0.478,0.313,79.0,78.0,4.5,0.006,0.0,62.0,0.097,472.0,4816.0
Lasso,13.7,9.0,562.0,0.478,0.314,79.0,78.0,4.5,0.006,0.0,62.0,0.097,472.0,4816.0
Lasso,13.7,9.0,562.0,0.478,0.315,79.0,78.0,4.5,0.006,0.0,62.0,0.097,472.0,4816.0
Lasso,13.7,9.0,562.0,0.478,0.316,79.0,78.0,4.5,0.006,0.0,62.0,0.097,472.0,4816.0
Lasso,13.7,9.0,562.0,0.478,0.317,79.0,78.0,4.5,0.006,0.0,62.0,0.097,472.0,4816.0
Lasso,13.7,9.0,562.0,0.478,0.318,79.0,78.0,4.5,0.006,0.0,62.0,0.097,472.0,4816.0
Lasso,13.7,9.0,562.0,0.478,0.319,79.0,78.0,4.5,0.006,0.0,62.0,0.097,472.0,4816.0
Lasso,13.7,9.0,562.0,0.478,0.32,79.0,78.0,4.5,0.006,0.0,62.0,0.097,472.0,4816.0
Lasso,13.7,9.0,562.0,0.479,0.31,79.0,78.0,4.5,0.006,0.0,62.0,0.097,472.0,4816.0
Lasso,13.7,9.0,562.0,0.479,0.311,79.0,78.0,4.5,0.006,0.0,62.0,0.097,472.0,4816.0
Lasso,13.7,9.0,562.0,0.479,0.312,79.0,78.0,4.5,0.006,0.0,62.0,0.097,472.0,4816.0
Lasso,13.7,9.0,562.0,0.479,0.313,79.0,78.0,4.5,0.006,0.0,62.0,0.097,472.0,4816.0
Lasso,13.7,9.0,562.0,0.479,0.314,79.0,78.0,4.5,0.006,0.0,62.0,0.097,472.0,4816.0
Lasso,13.7,9.0,562.0,0.479,0.315,79.0,78.0,4.5,0.006,0.0,62.0,0.097,472.0,4816.0
Lasso,13.7,9.0,562.0,0.479,0.316,79.0,78.0,4.5,0.006,0.0,62.0,0.097,472.0,4816.0
Lasso,13.7,9.0,562.0,0.479,0.317,79.0,78.0,4.5,0.006,0.0,62.0,0.097,472.0,4816.0
Lasso,13.7,9.0,562.0,0.479,0.318,79.0,78.0,4.5,0.006,0.0,62.0,0.097,472.0,4816.0
Lasso,13.7,9.0,562.0,0.479,0.319,79.0,78.0,4.5,0.006,0.0,62.0,0.097,472.0,4816.0
Lasso,13.7,9.0,562.0,0.479,0.32,79.0,78.0,4.5,0.006,0.0,62.0,0.097,472.0,4816.0
Lasso,13.7,9.0,562.0,0.48,0.31,79.0,78.0,4.5,0.006,0.0,62.0,0.097,472.0,4816.0
Lasso,13.7,9.0,562.0,0.48,0.311,79.0,78.0,4.5,0.006,0.0,62.0,0.097,472.0,4816.0
Lasso,13.7,9.0,562.0,0.48,0.312,79.0,78.0,4.5,0.006,0.0,62.0,0.097,472.0,4816.0
Lasso,13.7,9.0,562.0,0.48,0.313,79.0,78.0,4.5,0.006,0.0,62.0,0.097,472.0,4816.0
Lasso,13.7,9.0,562.0,0.48,0.314,79.0,78.0,4.5,0.006,0.0,62.0,0.097,472.0,4816.0
Lasso,13.7,9.0,562.0,0.48,0.315,79.0,78.0,4.5,0.006,0.0,62.0,0.097,472.0,4816.0
Lasso,13.7,9.0,562.0,0.48,0.316,79.0,78.0,4.5,0.006,0.0,62.0,0.097,472.0,4816.0
Lasso,13.7,9.0,562.0,0.48,0.317,79.0,78.0,4.5,0.006,0.0,62.0,0.097,472.0,4816.0
Lasso,13.7,9.0,562.0,0.48,0.318,79.0,78.0,4.5,0.006,0.0,62.0,0.097,472.0,4816.0
Lasso,13.7,9.0,562.0,0.48,0.319,79.0,78.0,4.5,0.006,0.0,62.0,0.097,472.0,4816.0
Lasso,13.7,9.0,562.0,0.48,0.32,79.0,78.0,4.5,0.006,0.0,62.0,0.097,472.0,4816.0
Polynomial,13.59,9.0,563.0,0.47,0.31,79.0,78.0,4.5,0.006,0.0,62.0,0.097,472.0,4816.0
Polynomial,13.6,9.0,563.0,0.47,0.311,79.0,78.0,4.5,0.006,0.0,62.0,0.097,472.0,4816.0
Polynomial,13.6,9.0,563.0,0.47,0.312,79.0,78.0,4.5,0.006,0.0,62.0,0.097,472.0,4816.0
Polynomial,13.6,9.0,563.0,0.47,0.313,79.0,78.0,4.5,0.006,0.0,62.0,0.097,472.0,4816.0
Polynomial,13.61,9.0,563.0,0.47,0.314,79.0,78.0,4.5,0.006,0.0,62.0,0.097,472.0,4816.0
Polynomial,13.61,9.0,563.0,0.47,0.315,79.0,78.0,4.5,0.006,0.0,62.0,0.097,472.0,4816.0
Polynomial,13.61,9.0,563.0,0.47,0.316,79.0,78.0,4.5,0.006,0.0,62.0,0.097,472.0,4816.0
Polynomial,13.62,9.0,563.0,0.47,0.317,79.0,78.0,4.5,0.006,0.0,62.0,0.097,472.0,4816.0
Polynomial,13.62,9.0,563.0,0.47,0.318,79.0,78.0,4.5,0.006,0.0,62.0,0.097,472.0,4816.0
Polynomial,13.62,9.0,563.0,0.47,0.319,79.0,78.0,4.5,0.006,0.0,62.0,0.097,472.0,4816.0
Polynomial,13.63,9.0,563.0,0.47,0.32,79.0,78.0,4.5,0.006,0.0,62.0,0.097,472.0,4816.0
Polynomial,13.6,9.0,563.0,0.471,0.31,79.0,78.0,4.5,0.006,0.0,62.0,0.097,472.0,4816.0
Polynomial,13.6,9.0,563.0,0.471,0.311,79.0,78.0,4.5,0.006,0.0,62.0,0.097,472.0,4816.0
Polynomial,13.6,9.0,563.0,0.471,0.312,79.0,78.0,4.5,0.006,0.0,62.0,0.097,472.0,4816.0
Polynomial,13.61,9.0,563.0,0.471,0.313,79.0,78.0,4.5,0.006,0.0,62.0,0.097,472.0,4816.0
Polynomial,13.61,9.0,563.0,0.471,0.314,79.0,78.0,4.5,0.006,0.0,62.0,0.097,472.0,4816.0
Polynomial,13.61,9.0,563.0,0.471,0.315,79.0,78.0,4.5,0.006,0.0,62.0,0.097,472.0,4816.0
Polynomial,13.62,9.0,563.0,0.471,0.316,79.0,78.0,4.5,0.006,0.0,62.0,0.097,472.0,4816.0
Polynomial,13.62,9.0,563.0,0.471,0.317,79.0,78.0,4.5,0.006,0.0,62.0,0.097,472.0,4816.0
Polynomial,13.62,9.0,563.0,0.471,0.318,79.0,78.0,4.5,0.006,0.0,62.0,0.097,472.0,4816.0
Polynomial,13.63,9.0,563.0,0.471,0.319,79.0,78.0,4.5,0.006,0.0,62.0,0.097,472.0,4816.0
Polynomial,13.63,9.0,563.0,0.471,0.32,79.0,78.0,4.5,0.006,0.0,62.0,0.097,472.0,4816.0
Polynomial,13.6,9.0,563.0,0.472,0.31,79.0,78.0,4.5,0.006,0.0,62.0,0.097,472.0,4816.0
Polynomial,13.61,9.0,563.0,0.472,0.311,79.0,78.0,4.5,0.006,0.0,62.0,0.097,472.0,4816.0
Polynomial,13.61,9.0,563.0,0.472,0.312,79.0,78.0,4.5,0.006,0.0,62.0,0.097,472.0,4816.0
Polynomial,13.61,9.0,563.0,0.472,0.313,79.0,78.0,4.5,0.006,0.0,62.0,0.097,472.0,4816.0
Polynomial,13.62,9.0,563.0,0.472,0.314,79.0,78.0,4.5,0.006,0.0,62.0,0.097,472.0,4816.0
Polynomial,13.62,9.0,563.0,0.472,0.315,79.0,78.0,4.5,0.006,0.0,62.0,0.097,472.0,4816.0
Polynomial,13.62,9.0,563.0,0.472,0.316,79.0,78.0,4.5,0.006,0.0,62.0,0.097,472.0,4816.0
Polynomial,13.63,9.0,563.0,0.472,0.317,79.0,78.0,4.5,0.006,0.0,62.0,0.097,472.0,4816.0
Polynomial,13.63,9.0,563.0,0.472,0.318,79.0,78.0,4.5,0.006,0.0,62.0,0.097,472.0,4816.0
Polynomial,13.63,9.0,563.0,0.472,0.319,79.0,78.0,4.5,0.006,0.0,62.0,0.097,472.0,4816.0
Polynomial,13.64,9.0,563.0,0.472,0.32,79.0,78.0,4.5,0.006,0.0,62.0,0.097,472.0,4816.0
Polynomial,13.61,9.0,563.0,0.473,0.31,79.0,78.0,4.5,0.006,0.0,62.0,0.097,472.0,4816.0
Polynomial,13.61,9.0,563.0,0.473,0.311,79.0,78.0,4.5,0.006,0.0,62.0,0.097,472.0,4816.0
Polynomial,13.61,9.0,563.0,0.473,0.312,79.0,78.0,4.5,0.006,0.0,62.0,0.097,472.0,4816.0
Polynomial,13.62,9.0,563.0,0.473,0.313,79.0,78.0,4.5,0.006,0.0,62.0,0.097,472.0,4816.0
Polynomial,13.62,9.0,563.0,0.473,0.314,79.0,78.0,4.5,0.006,0.0,62.0,0.097,472.0,4816.0
Polynomial,13.62,9.0,563.0,0.473,0.315,79.0,78.0,4.5,0.006,0.0,62.0,0.097,472.0,4816.0
Polynomial,13.63,9.0,563.0,0.473,0.316,79.0,78.0,4.5,0.006,0.0,62.0,0.097,472.0,4816.0
Polynomial,13.63,9.0,563.0,0.473,0.317,79.0,78.0,4.5,0.006,0.0,62.0,0.097,472.0,4816.0
Polynomial,13.63,9.0,563.0,0.473,0.318,79.0,78.0,4.5,0.006,0.0,62.0,0.097,472.0,4816.0
Polynomial,13.64,9.0,563.0,0.473,0.319,79.0,78.0,4.5,0.006,0.0,62.0,0.097,472.0,4816.0
Polynomial,13.64,9.0,563.0,0.473,0.32,79.0,78.0,4.5,0.006,0.0,62.0,0.097,472.0,4816.0
Polynomial,13.61,9.0,563.0,0.474,0.31,79.0,78.0,4.5,0.006,0.0,62.0,0.097,472.0,4816.0
Polynomial,13.62,9.0,563.0,0.474,0.311,79.0,78.0,4.5,0.006,0.0,62.0,0.097,472.0,4816.0
Polynomial,13.62,9.0,563.0,0.474,0.312,79.0,78.0,4.5,0.006,0.0,62.0,0.097,472.0,4816.0
Polynomial,13.62,9.0,563.0,0.474,0.313,79.0,78.0,4.5,0.006,0.0,62.0,0.097,472.0,4816.0
Polynomial,13.63,9.0,563.0,0.474,0.314,79.0,78.0,4.5,0.006,0.0,62.0,0.097,472.0,4816.0
Polynomial,13.63,9.0,563.0,0.474,0.315,79.0,78.0,4.5,0.006,0.0,62.0,0.097,472.0,4816.0
Polynomial,13.63,9.0,563.0,0.474,0.316,79.0,78.0,4.5,0.006,0.0,62.0,0.097,472.0,4816.0
Polynomial,13.64,9.0,563.0,0.474,0.317,79.0,78.0,4.5,0.006,0.0,62.0,0.097,472.0,4816.0
Polynomial,13.64,9.0,563.0,0.474,0.318,79.0,78.0,4.5,0.006,0.0,62.0,0.097,472.0,4816.0
Polynomial,13.64,9.0,563.0,0.474,0.319,79.0,78.0,4.5,0.006,0.0,62.0,0.097,472.0,4816.0
Polynomial,13.65,9.0,563.0,0.474,0.32,79.0,78.0,4.5,0.006,0.0,62.0,0.097,472.0,4816.0
Polynomial,13.62,9.0,563.0,0.475,0.31,79.0,78.0,4.5,0.006,0.0,62.0,0.097,472.0,4816.0
Polynomial,13.62,9.0,563.0,0.475,0.311,79.0,78.0,4.5,0.006,0.0,62.0,0.097,472.0,4816.0
Polynomial,13.62,9.0,563.0,0.475,0.312,79.0,78.0,4.5,0.006,0.0,62.0,0.097,472.0,4816.0
Polynomial,13.63,9.0,563.0,0.475,0.313,79.0,78.0,4.5,0.006,0.0,62.0,0.097,472.0,4816.0
Polynomial,13.63,9.0,563.0,0.475,0.314,79.0,78.0,4.5,0.006,0.0,62.0,0.097,472.0,4816.0
Polynomial,13.63,9.0,563.0,0.475,0.315,79.0,78.0,4.5,0.006,0.0,62.0,0.097,472.0,4816.0
Polynomial,13.64,9.0,563.0,0.475,0.316,79.0,78.0,4.5,0.006,0.0,62.0,0.097,472.0,4816.0
Polynomial,13.64,9.0,563.0,0.475,0.317,79.0,78.0,4.5,0.006,0.0,62.0,0.097,472.0,4816.0
Polynomial,13.64,9.0,563.0,0.475,0.318,79.0,78.0,4.5,0.006,0.0,62.0,0.097,472.0,4816.0
Polynomial,13.65,9.0,563.0,0.475,0.319,79.0,78.0,4.5,0.006,0.0,62.0,0.097,472.0,4816.0
Polynomial,13.65,9.0,563.0,0.475,0.32,79.0,78.0,4.5,0.006,0.0,62.0,0.097,472.0,4816.0
Polynomial,13.62,9.0,563.0,0.476,0.31,79.0,78.0,4.5,0.006,0.0,62.0,0.097,472.0,4816.0
Polynomial,13.63,9.0,563.0,0.476,0.311,79.0,78.0,4.5,0.006,0.0,62.0,0.097,472.0,4816.0
Polynomial,13.63,9.0,563.0,0.476,0.312,79.0,78.0,4.5,0.006,0.0,62.0,0.097,472.0,4816.0
Polynomial,13.63,9.0,563.0,0.476,0.313,79.0,78.0,4.5,0.006,0.0,62.0,0.097,472.0,4816.0
Polynomial,13.64,9.0,563.0,0.476,0.314,79.0,78.0,4.5,0.006,0.0,62.0,0.097,472.0,4816.0
Polynomial,13.64,9.0,563.0,0.476,0.315,79.0,78.0,4.5,0.006,0.0,62.0,0.097,472.0,4816.0
Polynomial,13.64,9.0,563.0,0.476,0.316,79.0,78.0,4.5,0.006,0.0,62.0,0.097,472.0,4816.0
Polynomial,13.65,9.0,563.0,0.476,0.317,79.0,78.0,4.5,0.006,0.0,62.0,0.097,472.0,4816.0
Polynomial,13.65,9.0,563.0,0.476,0.318,79.0,78.0,4.5,0.006,0.0,62.0,0.097,472.0,4816.0
Polynomial,13.65,9.0,563.0,0.476,0.319,79.0,78.0,4.5,0.006,0.0,62.0,0.097,472.0,4816.0
Polynomial,13.66,9.0,563.0,0.476,0.32,79.0,78.0,4.5,0.006,0.0,62.0,0.097,472.0,4816.0
Polynomial,13.63,9.0,563.0,0.477,0.31,79.0,78.0,4.5,0.006,0.0,62.0,0.097,472.0,4816.0
Polynomial,13.63,9.0,563.0,0.477,0.311,79.0,78.0,4.5,0.006,0.0,62.0,0.097,472.0,4816.0
Polynomial,13.63,9.0,563.0,0.477,0.312,79.0,78.0,4.5,0.006,0.0,62.0,0.097,472.0,4816.0
Polynomial,13.64,9.0,563.0,0.477,0.313,79.0,78.0,4.5,0.006,0.0,62.0,0.097,472.0,4816.0
Polynomial,13.64,9.0,563.0,0.477,0.314,79.0,78.0,4.5,0.006,0.0,62.0,0.097,472.0,4816.0
Polynomial,13.64,9.0,563.0,0.477,0.315,79.0,78.0,4.5,0.006,0.0,62.0,0.097,472.0,4816.0
Polynomial,13.65,9.0,563.0,0.477,0.316,79.0,78.0,4.5,0.006,0.0,62.0,0.097,472.0,4816.0
Polynomial,13.65,9.0,563.0,0.477,0.317,79.0,78.0,4.5,0.006,0.0,62.0,0.097,472.0,4816.0
Polynomial,13.65,9.0,563.0,0.477,0.318,79.0,78.0,4.5,0.006,0.0,62.0,0.097,472.0,4816.0
Polynomial,13.66,9.0,563.0,0.477,0.319,79.0,78.0,4.5,0.006,0.0,62.0,0.097,472.0,4816.0
Polynomial,13.66,9.0,563.0,0.477,0.32,79.0,78.0,4.5,0.006,0.0,62.0,0.097,472.0,4816.0
Polynomial,13.63,9.0,563.0,0.478,0.31,79.0,78.0,4.5,0.006,0.0,62.0,0.097,472.0,4816.0
Polynomial,13.64,9.0,563.0,0.478,0.311,79.0,78.0,4.5,0.006,0.0,62.0,0.097,472.0,4816.0
Polynomial,13.64,9.0,563.0,0.478,0.312,79.0,78.0,4.5,0.006,0.0,62.0,0.097,472.0,4816.0
Polynomial,13.64,9.0,563.0,0.478,0.313,79.0,78.0,4.5,0.006,0.0,62.0,0.097,472.0,4816.0
Polynomial,13.65,9.0,563.0,0.478,0.314,79.0,78.0,4.5,0.006,0.0,62.0,0.097,472.0,4816.0
Polynomial,13.65,9.0,563.0,0.478,0.315,79.0,78.0,4.5,0.006,0.0,62.0,0.097,472.0,4816.0
Polynomial,13.65,9.0,563.0,0.478,0.316,79.0,78.0,4.5,0.006,0.0,62.0,0.097,472.0,4816.0
Polynomial,13.66,9.0,563.0,0.478,0.317,79.0,78.0,4.5,0.006,0.0,62.0,0.097,472.0,4816.0
Polynomial,13.66,9.0,563.0,0.478,0.318,79.0,78.0,4.5,0.006,0.0,62.0,0.097,472.0,4816.0
Polynomial,13.66,9.0,563.0,0.478,0.319,79.0,78.0,4.5,0.006,0.0,62.0,0.097,472.0,4816.0
Polynomial,13.67,9.0,563.0,0.478,0.32,79.0,78.0,4.5,0.006,0.0,62.0,0.097,472.0,4816.0
Polynomial,13.64,9.0,563.0,0.479,0.31,79.0,78.0,4.5,0.006,0.0,62.0,0.097,472.0,4816.0
Polynomial,13.64,9.0,563.0,0.479,0.311,79.0,78.0,4.5,0.006,0.0,62.0,0.097,472.0,4816.0
Polynomial,13.65,9.0,563.0,0.479,0.312,79.0,78.0,4.5,0.006,0.0,62.0,0.097,472.0,4816.0
Polynomial,13.65,9.0,563.0,0.479,0.313,79.0,78.0,4.5,0.006,0.0,62.0,0.097,472.0,4816.0
Polynomial,13.65,9.0,563.0,0.479,0.314,79.0,78.0,4.5,0.006,0.0,62.0,0.097,472.0,4816.0
Polynomial,13.66,9.0,563.0,0.479,0.315,79.0,78.0,4.5,0.006,0.0,62.0,0.097,472.0,4816.0
Polynomial,13.66,9.0,563.0,0.479,0.316,79.0,78.0,4.5,0.006,0.0,62.0,0.097,472.0,4816.0
Polynomial,13.66,9.0,563.0,0.479,0.317,79.0,78.0,4.5,0.006,0.0,62.0,0.097,472.0,4816.0
Polynomial,13.67,9.0,563.0,0.479,0.318,79.0,78.0,4.5,0.006,0.0,62.0,0.097,472.0,4816.0
Polynomial,13.67,9.0,563.0,0.479,0.319,79.0,78.0,4.5,0.006,0.0,62.0,0.097,472.0,4816.0
Polynomial,13.67,9.0,563.0,0.479,0.32,79.0,78.0,4.5,0.006,0.0,62.0,0.097,472.0,4816.0
Polynomial,13.64,9.0,563.0,0.48,0.31,79.0,78.0,4.5,0.006,0.0,62.0,0.097,472.0,4816.0
Polynomial,13.65,9.0,563.0,0.48,0.311,79.0,78.0,4.5,0.006,0.0,62.0,0.097,472.0,4816.0
Polynomial,13.65,9.0,563.0,0.48,0.312,79.0,78.0,4.5,0.006,0.0,62.0,0.097,472.0,4816.0
Polynomial,13.65,9.0,563.0,0.48,0.313,79.0,78.0,4.5,0.006,0.0,62.0,0.097,472.0,4816.0
Polynomial,13.66,9.0,563.0,0.48,0.314,79.0,78.0,4.5,0.006,0.0,62.0,0.097,472.0,4816.0
Polynomial,13.66,9.0,563.0,0.48,0.315,79.0,78.0,4.5,0.006,0.0,62.0,0.097,472.0,4816.0
Polynomial,13.66,9.0,563.0,0.48,0.316,79.0,78.0,4.5,0.006,0.0,62.0,0.097,472.0,4816.0
Polynomial,13.67,9.0,563.0,0.48,0.317,79.0,78.0,4.5,0.006,0.0,62.0,0.097,472.0,4816.0
Polynomial,13.67,9.0,563.0,0.48,0.318,79.0,78.0,4.5,0.006,0.0,62.0,0.097,472.0,4816.0
Polynomial,13.67,9.0,563.0,0.48,0.319,79.0,78.0,4.5,0.006,0.0,62.0,0.097,472.0,4816.0
Polynomial,13.68,9.0,563.0,0.48,0.32,79.0,78.0,4.5,0.006,0.0,62.0,0.097,472.0,4816.0
Polynomial,13.59,9.0,562.0,0.47,0.31,79.0,78.0,4.5,0.006,0.0,62.0,0.097,472.0,4816.0
Polynomial,13.59,9.0,562.0,0.47,0.311,79.0,78.0,4.5,0.006,0.0,62.0,0.097,472.0,4816.0
Polynomial,13.6,9.0,562.0,0.47,0.312,79.0,78.0,4.5,0.006,0.0,62.0,0.097,472.0,4816.0
Polynomial,13.6,9.0,562.0,0.47,0.313,79.0,78.0,4.5,0.006,0.0,62.0,0.097,472.0,4816.0
Polynomial,13.6,9.0,562.0,0.47,0.314,79.0,78.0,4.5,0.006,0.0,62.0,0.097,472.0,4816.0
Polynomial,13.61,9.0,562.0,0.47,0.315,79.0,78.0,4.5,0.006,0.0,62.0,0.097,472.0,4816.0
Polynomial,13.61,9.0,562.0,0.47,0.316,79.0,78.0,4.5,0.006,0.0,62.0,0.097,472.0,4816.0
Polynomial,13.61,9.0,562.0,0.47,0.317,79.0,78.0,4.5,0.006,0.0,62.0,0.097,472.0,4816.0
Polynomial,13.62,9.0,562.0,0.47,0.318,79.0,78.0,4.5,0.006,0.0,62.0,0.097,472.0,4816.0
Polynomial,13.62,9.0,562.0,0.47,0.319,79.0,78.0,4.5,0.006,0.0,62.0,0.097,472.0,4816.0
Polynomial,13.62,9.0,562.0,0.47,0.32,79.0,78.0,4.5,0.006,0.0,62.0,0.097,472.0,4816.0
Polynomial,13.59,9.0,562.0,0.471,0.31,79.0,78.0,4.5,0.006,0.0,62.0,0.097,472.0,4816.0
Polynomial,13.6,9.0,562.0,0.471,0.311,79.0,78.0,4.5,0.006,0.0,62.0,0.097,472.0,4816.0
Polynomial,13.6,9.0,562.0,0.471,0.312,79.0,78.0,4.5,0.006,0.0,62.0,0.097,472.0,4816.0
Polynomial,13.6,9.0,562.0,0.471,0.313,79.0,78.0,4.5,0.006,0.0,62.0,0.097,472.0,4816.0
Polynomial,13.61,9.0,562.0,0.471,0.314,79.0,78.0,4.5,0.006,0.0,62.0,0.097,472.0,4816.0
Polynomial,13.61,9.0,562.0,0.471,0.315,79.0,78.0,4.5,0.006,0.0,62.0,0.097,472.0,4816.0
Polynomial,13.61,9.0,562.0,0.471,0.316,79.0,78.0,4.5,0.006,0.0,62.0,0.097,472.0,4816.0
Polynomial,13.62,9.0,562.0,0.471,0.317,79.0,78.0,4.5,0.006,0.0,62.0,0.097,472.0,4816.0
Polynomial,13.62,9.0,562.0,0.471,0.318,79.0,78.0,4.5,0.006,0.0,62.0,0.097,472.0,4816.0
Polynomial,13.62,9.0,562.0,0.471,0.319,79.0,78.0,4.5,0.006,0.0,62.0,0.097,472.0,4816.0
Polynomial,13.63,9.0,562.0,0.471,0.32,79.0,78.0,4.5,0.006,0.0,62.0,0.097,472.0,4816.0
Polynomial,13.6,9.0,562.0,0.472,0.31,79.0,78.0,4.5,0.006,0.0,62.0,0.097,472.0,4816.0
Polynomial,13.6,9.0,562.0,0.472,0.311,79.0,78.0,4.5,0.006,0.0,62.0,0.097,472.0,4816.0
Polynomial,13.61,9.0,562.0,0.472,0.312,79.0,78.0,4.5,0.006,0.0,62.0,0.097,472.0,4816.0
Polynomial,13.61,9.0,562.0,0.472,0.313,79.0,78.0,4.5,0.006,0.0,62.0,0.097,472.0,4816.0
Polynomial,13.61,9.0,562.0,0.472,0.314,79.0,78.0,4.5,0.006,0.0,62.0,0.097,472.0,4816.0
Polynomial,13.62,9.0,562.0,0.472,0.315,79.0,78.0,4.5,0.006,0.0,62.0,0.097,472.0,4816.0
Polynomial,13.62,9.0,562.0,0.472,0.316,79.0,78.0,4.5,0.006,0.0,62.0,0.097,472.0,4816.0
Polynomial,13.62,9.0,562.0,0.472,0.317,79.0,78.0,4.5,0.006,0.0,62.0,0.097,472.0,4816.0
Polynomial,13.63,9.0,562.0,0.472,0.318,79.0,78.0,4.5,0.006,0.0,62.0,0.097,472.0,4816.0
Polynomial,13.63,9.0,562.0,0.472,0.319,79.0,78.0,4.5,0.006,0.0,62.0,0.097,472.0,4816.0
Polynomial,13.63,9.0,562.0,0.472,0.32,79.0,78.0,4.5,0.006,0.0,62.0,0.097,472.0,4816.0
Polynomial,13.6,9.0,562.0,0.473,0.31,79.0,78.0,4.5,0.006,0.0,62.0,0.097,472.0,4816.0
Polynomial,13.61,9.0,562.0,0.473,0.311,79.0,78.0,4.5,0.006,0.0,62.0,0.097,472.0,4816.0
Polynomial,13.61,9.0,562.0,0.473,0.312,79.0,78.0,4.5,0.006,0.0,62.0,0.097,472.0,4816.0
Polynomial,13.61,9.0,562.0,0.473,0.313,79.0,78.0,4.5,0.006,0.0,62.0,0.097,472.0,4816.0
Polynomial,13.62,9.0,562.0,0.473,0.314,79.0,78.0,4.5,0.006,0.0,62.0,0.097,472.0,4816.0
Polynomial,13.62,9.0,562.0,0.473,0.315,79.0,78.0,4.5,0.006,0.0,62.0,0.097,472.0,4816.0
Polynomial,13.62,9.0,562.0,0.473,0.316,79.0,78.0,4.5,0.006,0.0,62.0,0.097,472.0,4816.0
Polynomial,13.63,9.0,562.0,0.473,0.317,79.0,78.0,4.5,0.006,0.0,62.0,0.097,472.0,4816.0
Polynomial,13.63,9.0,562.0,0.473,0.318,79.0,78.0,4.5,0.006,0.0,62.0,0.097,472.0,4816.0
Polynomial,13.63,9.0,562.0,0.473,0.319,79.0,78.0,4.5,0.006,0.0,62.0,0.097,472.0,4816.0
Polynomial,13.64,9.0,562.0,0.473,0.32,79.0,78.0,4.5,0.006,0.0,62.0,0.097,472.0,4816.0
Polynomial,13.61,9.0,562.0,0.474,0.31,79.0,78.0,4.5,0.006,0.0,62.0,0.097,472.0,4816.0
Polynomial,13.61,9.0,562.0,0.474,0.311,79.0,78.0,4.5,0.006,0.0,62.0,0.097,472.0,4816.0
Polynomial,13.62,9.0,562.0,0.474,0.312,79.0,78.0,4.5,0.006,0.0,62.0,0.097,472.0,4816.0
Polynomial,13.62,9.0,562.0,0.474,0.313,79.0,78.0,4.5,0.006,0.0,62.0,0.097,472.0,4816.0
Polynomial,13.62,9.0,562.0,0.474,0.314,79.0,78.0,4.5,0.006,0.0,62.0,0.097,472.0,4816.0
Polynomial,13.63,9.0,562.0,0.474,0.315,79.0,78.0,4.5,0.006,0.0,62.0,0.097,472.0,4816.0
Polynomial,13.63,9.0,562.0,0.474,0.316,79.0,78.0,4.5,0.006,0.0,62.0,0.097,472.0,4816.0
Polynomial,13.63,9.0,562.0,0.474,0.317,79.0,78.0,4.5,0.006,0.0,62.0,0.097,472.0,4816.0
Polynomial,13.64,9.0,562.0,0.474,0.318,79.0,78.0,4.5,0.006,0.0,62.0,0.097,472.0,4816.0
Polynomial,13.64,9.0,562.0,0.474,0.319,79.0,78.0,4.5,0.006,0.0,62.0,0.097,472.0,4816.0
Polynomial,13.64,9.0,562.0,0.474,0.32,79.0,78.0,4.5,0.006,0.0,62.0,0.097,472.0,4816.0
Polynomial,13.61,9.0,562.0,0.475,0.31,79.0,78.0,4.5,0.006,0.0,62.0,0.097,472.0,4816.0
Polynomial,13.62,9.0,562.0,0.475,0.311,79.0,78.0,4.5,0.006,0.0,62.0,0.097,472.0,4816.0
Polynomial,13.62,9.0,562.0,0.475,0.312,79.0,78.0,4.5,0.006,0.0,62.0,0.097,472.0,4816.0
Polynomial,13.62,9.0,562.0,0.475,0.313,79.0,78.0,4.5,0.006,0.0,62.0,0.097,472.0,4816.0
Polynomial,13.63,9.0,562.0,0.475,0.314,79.0,78.0,4.5,0.006,0.0,62.0,0.097,472.0,4816.0
Polynomial,13.63,9.0,562.0,0.475,0.315,79.0,78.0,4.5,0.006,0.0,62.0,0.097,472.0,4816.0
Polynomial,13.63,9.0,562.0,0.475,0.316,79.0,78.0,4.5,0.006,0.0,62.0,0.097,472.0,4816.0
Polynomial,13.64,9.0,562.0,0.475,0.317,79.0,78.0,4.5,0.006,0.0,62.0,0.097,472.0,4816.0
Polynomial,13.64,9.0,562.0,0.475,0.318,79.0,78.0,4.5,0.006,0.0,62.0,0.097,472.0,4816.0
Polynomial,13.64,9.0,562.0,0.475,0.319,79.0,78.0,4.5,0.006,0.0,62.0,0.097,472.0,4816.0
Polynomial,13.65,9.0,562.0,0.475,0.32,79.0,78.0,4.5,0.006,0.0,62.0,0.097,472.0,4816.0
Polynomial,13.62,9.0,562.0,0.476,0.31,79.0,78.0,4.5,0.006,0.0,62.0,0.097,472.0,4816.0
Polynomial,13.62,9.0,562.0,0.476,0.311,79.0,78.0,4.5,0.006,0.0,62.0,0.097,472.0,4816.0
Polynomial,13.63,9.0,562.0,0.476,0.312,79.0,78.0,4.5,0.006,0.0,62.0,0.097,472.0,4816.0
Polynomial,13.63,9.0,562.0,0.476,0.313,79.0,78.0,4.5,0.006,0.0,62.0,0.097,472.0,4816.0
Polynomial,13.63,9.0,562.0,0.476,0.314,79.0,78.0,4.5,0.006,0.0,62.0,0.097,472.0,4816.0
Polynomial,13.64,9.0,562.0,0.476,0.315,79.0,78.0,4.5,0.006,0.0,62.0,0.097,472.0,4816.0
Polynomial,13.64,9.0,562.0,0.476,0.316,79.0,78.0,4.5,0.006,0.0,62.0,0.097,472.0,4816.0
Polynomial,13.64,9.0,562.0,0.476,0.317,79.0,78.0,4.5,0.006,0.0,62.0,0.097,472.0,4816.0
Polynomial,13.65,9.0,562.0,0.476,0.318,79.0,78.0,4.5,0.006,0.0,62.0,0.097,472.0,4816.0
Polynomial,13.65,9.0,562.0,0.476,0.319,79.0,78.0,4.5,0.006,0.0,62.0,0.097,472.0,4816.0
Polynomial,13.65,9.0,562.0,0.476,0.32,79.0,78.0,4.5,0.006,0.0,62.0,0.097,472.0,4816.0
Polynomial,13.62,9.0,562.0,0.477,0.31,79.0,78.0,4.5,0.006,0.0,62.0,0.097,472.0,4816.0
Polynomial,13.63,9.0,562.0,0.477,0.311,79.0,78.0,4.5,0.006,0.0,62.0,0.097,472.0,4816.0
Polynomial,13.63,9.0,562.0,0.477,0.312,79.0,78.0,4.5,0.006,0.0,62.0,0.097,472.0,4816.0
Polynomial,13.63,9.0,562.0,0.477,0.313,79.0,78.0,4.5,0.006,0.0,62.0,0.097,472.0,4816.0
Polynomial,13.64,9.0,562.0,0.477,0.314,79.0,78.0,4.5,0.006,0.0,62.0,0.097,472.0,4816.0
Polynomial,13.64,9.0,562.0,0.477,0.315,79.0,78.0,4.5,0.006,0.0,62.0,0.097,472.0,4816.0
Polynomial,13.64,9.0,562.0,0.477,0.316,79.0,78.0,4.5,0.006,0.0,62.0,0.097,472.0,4816.0
Polynomial,13.65,9.0,562.0,0.477,0.317,79.0,78.0,4.5,0.006,0.0,62.0,0.097,472.0,4816.0
Polynomial,13.65,9.0,562.0,0.477,0.318,79.0,78.0,4.5,0.006,0.0,62.0,0.097,472.0,4816.0
Polynomial,13.65,9.0,562.0,0.477,0.319,79.0,78.0,4.5,0.006,0.0,62.0,0.097,472.0,4816.0
Polynomial,13.66,9.0,562.0,0.477,0.32,79.0,78.0,4.5,0.006,0.0,62.0,0.097,472.0,4816.0
Polynomial,13.63,9.0,562.0,0.478,0.31,79.0,78.0,4.5,0.006,0.0,62.0,0.097,472.0,4816.0
Polynomial,13.63,9.0,562.0,0.478,0.311,79.0,78.0,4.5,0.006,0.0,62.0,0.097,472.0,4816.0
Polynomial,13.64,9.0,562.0,0.478,0.312,79.0,78.0,4.5,0.006,0.0,62.0,0.097,472.0,4816.0
Polynomial,13.64,9.0,562.0,0.478,0.313,79.0,78.0,4.5,0.006,0.0,62.0,0.097,472.0,4816.0
Polynomial,13.64,9.0,562.0,0.478,0.314,79.0,78.0,4.5,0.006,0.0,62.0,0.097,472.0,4816.0
Polynomial,13.65,9.0,562.0,0.478,0.315,79.0,78.0,4.5,0.006,0.0,62.0,0.097,472.0,4816.0
Polynomial,13.65,9.0,562.0,0.478,0.316,79.0,78.0,4.5,0.006,0.0,62.0,0.097,472.0,4816.0
Polynomial,13.65,9.0,562.0,0.478,0.317,79.0,78.0,4.5,0.006,0.0,62.0,0.097,472.0,4816.0
Polynomial,13.66,9.0,562.0,0.478,0.318,79.0,78.0,4.5,0.006,0.0,62.0,0.097,472.0,4816.0
Polynomial,13.66,9.0,562.0,0.478,0.319,79.0,78.0,4.5,0.006,0.0,62.0,0.097,472.0,4816.0
Polynomial,13.66,9.0,562.0,0.478,0.32,79.0,78.0,4.5,0.006,0.0,62.0,0.097,472.0,4816.0
Polynomial,13.63,9.0,562.0,0.479,0.31,79.0,78.0,4.5,0.006,0.0,62.0,0.097,472.0,4816.0
Polynomial,13.64,9.0,562.0,0.479,0.311,79.0,78.0,4.5,0.006,0.0,62.0,0.097,472.0,4816.0
Polynomial,13.64,9.0,562.0,0.479,0.312,79.0,78.0,4.5,0.006,0.0,62.0,0.097,472.0,4816.0
Polynomial,13.64,9.0,562.0,0.479,0.313,79.0,78.0,4.5,0.006,0.0,62.0,0.097,472.0,4816.0
Polynomial,13.65,9.0,562.0,0.479,0.314,79.0,78.0,4.5,0.006,0.0,62.0,0.097,472.0,4816.0
Polynomial,13.65,9.0,562.0,0.479,0.315,79.0,78.0,4.5,0.006,0.0,62.0,0.097,472.0,4816.0
Polynomial,13.65,9.0,562.0,0.479,0.316,79.0,78.0,4.5,0.006,0.0,62.0,0.097,472.0,4816.0
Polynomial,13.66,9.0,562.0,0.479,0.317,79.0,78.0,4.5,0.006,0.0,62.0,0.097,472.0,4816.0
Polynomial,13.66,9.0,562.0,0.479,0.318,79.0,78.0,4.5,0.006,0.0,62.0,0.097,472.0,4816.0
Polynomial,13.66,9.0,562.0,0.479,0.319,79.0,78.0,4.5,0.006,0.0,62.0,0.097,472.0,4816.0
Polynomial,13.67,9.0,562.0,0.479,0.32,79.0,78.0,4.5,0.006,0.0,62.0,0.097,472.0,4816.0
Polynomial,13.64,9.0,562.0,0.48,0.31,79.0,78.0,4.5,0.006,0.0,62.0,0.097,472.0,4816.0
Polynomial,13.64,9.0,562.0,0.48,0.311,79.0,78.0,4.5,0.006,0.0,62.0,0.097,472.0,4816.0
Polynomial,13.65,9.0,562.0,0.48,0.312,79.0,78.0,4.5,0.006,0.0,62.0,0.097,472.0,4816.0
Polynomial,13.65,9.0,562.0,0.48,0.313,79.0,78.0,4.5,0.006,0.0,62.0,0.097,472.0,4816.0
Polynomial,13.65,9.0,562.0,0.48,0.314,79.0,78.0,4.5,0.006,0.0,62.0,0.097,472.0,4816.0
Polynomial,13.66,9.0,562.0,0.48,0.315,79.0,78.0,4.5,0.006,0.0,62.0,0.097,472.0,4816.0
Polynomial,13.66,9.0,562.0,0.48,0.316,79.0,78.0,4.5,0.006,0.0,62.0,0.097,472.0,4816.0
Polynomial,13.66,9.0,562.0,0.48,0.317,79.0,78.0,4.5,0.006,0.0,62.0,0.097,472.0,4816.0
Polynomial,13.67,9.0,562.0,0.48,0.318,79.0,78.0,4.5,0.006,0.0,62.0,0.097,472.0,4816.0
Polynomial,13.67,9.0,562.0,0.48,0.319,79.0,78.0,4.5,0.006,0.0,62.0,0.097,472.0,4816.0
Polynomial,13.67,9.0,562.0,0.48,0.32,79.0,78.0,4.5,0.006,0.0,62.0,0.097,472.0,4816.0
