start_time,end_time
201209180000 ,201209250000 
201209270000 ,201209280000 
201209300000 ,201210090000 
201210180000 ,201212200000 
201212230000 ,201302160000 
201302210000 ,201305030000 
201305140000 ,201308060000 
201309030000 ,201310260000 
201310300000 ,201312050000 
201312170000 ,201503170000 
201503190000 ,201503250000 
201504010000 ,201507120000 
201509071700 ,201604061100 
201604080900 ,201608150000 
201608291700 ,201611101200 
201611170500 ,201705231600 
201705240400 ,201801131500 
201801132000 ,201802162000 
201802070600 ,201807080900 
201809021400 ,201905120500 
201905130600 ,201908202300 
201908211900 ,201908311600 
201909270900 ,201910210400 
201910212000 ,202002100500 
202002101700 ,202008060100 
202008061000 ,202010091400 
202010250000 ,202102181800 
202102201700 ,202103222000 
202103211400 ,202107111900 
202109120800 ,202111160300 
202111161800 ,202112221200 
202112260400 ,202112310000 